date,score,flag,drivers,change_point_in
2019-01-31,0.4955,False,"Woman & Child Repression -1.9 sd, Smuggling +1.9 sd, Theft -1.8 sd",
2019-02-28,0.526,True,"Robbery -2.5 sd, Other Cases -2.4 sd, Theft -1.8 sd",
2019-03-31,0.4804,False,"Robbery -2.8 sd, Theft -1.6 sd, Other Cases -1.5 sd",
2019-04-30,0.46,False,"Theft -1.6 sd, Explosive Act -1.6 sd, Smuggling +1.5 sd",
2019-05-31,0.5349,True,"Speedy Trial -5.1 sd, Arms Act +2.4 sd, Smuggling +1.6 sd",
2019-06-30,0.509,False,"Speedy Trial -4.5 sd, Murder +1.8 sd, Smuggling +1.5 sd",
2019-07-31,0.4941,False,"Speedy Trial -4.5 sd, Arms Act +1.6 sd, Smuggling +1.6 sd",
2019-08-31,0.4452,False,"Arms Act +1.8 sd, Murder +1.3 sd, Smuggling +1.2 sd",
2019-09-30,0.4861,False,"Arms Act +2.0 sd, Smuggling +1.8 sd, Narcotics +1.4 sd",
2019-10-31,0.4378,False,"Smuggling +2.2 sd, Arms Act +1.7 sd, Narcotics +1.1 sd",
2019-11-30,0.4415,False,"Smuggling +1.8 sd, Arms Act +1.4 sd, Other Cases -1.2 sd",
2019-12-31,0.4585,False,"Smuggling +1.8 sd, Police Assault -1.7 sd, Other Cases -1.7 sd",Arms Act
2020-01-31,0.4347,False,"Smuggling +1.8 sd, Other Cases -1.6 sd, Police Assault -1.3 sd",
2020-02-29,0.4124,False,"Smuggling +1.5 sd, Other Cases -1.3 sd, Theft -1.1 sd",
2020-03-31,0.4274,False,"Explosive Act -2.5 sd, Theft -1.2 sd, Smuggling +0.9 sd",
2020-04-30,0.6864,True,"Burglary -4.5 sd, Theft -4.4 sd, Kidnapping -3.5 sd",
2020-05-31,0.5932,True,"Theft -2.9 sd, Dacoity -2.7 sd, Burglary -2.5 sd",
2020-06-30,0.4411,False,"Theft -1.7 sd, Explosive Act -1.3 sd, Police Assault -1.1 sd",
2020-07-31,0.4259,False,"Arms Act +1.8 sd, Murder +1.5 sd, Dacoity -0.9 sd",Theft
2020-08-31,0.4569,False,"Police Assault -2.1 sd, Arms Act -1.6 sd, Woman & Child Repression +1.4 sd",Narcotics
2020-09-30,0.4262,False,"Police Assault -2.3 sd, Woman & Child Repression +1.4 sd, Riot -1.0 sd",
2020-10-31,0.4525,False,"Woman & Child Repression +2.5 sd, Smuggling +1.3 sd, Riot -1.0 sd",
2020-11-30,0.3851,False,"Woman & Child Repression +1.2 sd, Riot +0.8 sd, Robbery -0.7 sd",
2020-12-31,0.3939,False,"Police Assault -0.9 sd, Dacoity -0.9 sd, Arms Act -0.8 sd",
2021-01-31,0.3786,False,"Riot -1.0 sd, Arms Act -0.8 sd, Explosive Act +0.6 sd",
2021-02-28,0.385,False,"Robbery -1.2 sd, Other Cases -0.8 sd, Murder -0.8 sd",
2021-03-31,0.3934,False,"Police Assault +1.8 sd, Dacoity -0.9 sd, Speedy Trial +0.8 sd",
2021-04-30,0.4529,False,"Dacoity -2.0 sd, Riot +1.4 sd, Other Cases +1.3 sd",
2021-05-31,0.4124,False,"Other Cases +1.5 sd, Riot -1.0 sd, Smuggling -0.9 sd",
2021-06-30,0.3907,False,"Woman & Child Repression +1.3 sd, Explosive Act -0.9 sd, Speedy Trial +0.8 sd",
2021-07-31,0.4305,False,"Kidnapping -1.6 sd, Robbery -1.5 sd, Police Assault -1.2 sd",
2021-08-31,0.4257,False,"Burglary +1.5 sd, Police Assault -1.4 sd, Kidnapping -0.9 sd",
2021-09-30,0.3961,False,"Riot -1.0 sd, Woman & Child Repression +1.0 sd, Dacoity -0.9 sd",
2021-10-31,0.3852,False,"Murder -0.9 sd, Kidnapping -0.7 sd, Explosive Act -0.7 sd",
2021-11-30,0.4527,False,"Police Assault +2.3 sd, Other Cases -1.2 sd, Arms Act +1.0 sd",
2021-12-31,0.42,False,"Dacoity -1.5 sd, Murder -1.2 sd, Kidnapping -1.2 sd",
2022-01-31,0.3795,False,"Riot -1.0 sd, Other Cases -0.9 sd, Woman & Child Repression -0.8 sd",
2022-02-28,0.4158,False,"Kidnapping -1.5 sd, Other Cases -1.4 sd, Murder -1.1 sd",
2022-03-31,0.3878,False,"Theft +1.1 sd, Riot -1.0 sd, Murder -0.8 sd",
2022-04-30,0.4095,False,"Other Cases +1.6 sd, Theft +1.1 sd, Riot -1.0 sd",
2022-05-31,0.386,False,"Other Cases +1.1 sd, Kidnapping -0.9 sd, Dacoity -0.8 sd",
2022-06-30,0.3898,False,"Riot -1.0 sd, Theft +0.9 sd, Explosive Act -0.8 sd",Arms Act
2022-07-31,0.3837,False,"Riot -1.0 sd, Kidnapping -0.9 sd, Burglary +0.8 sd",Robbery
2022-08-31,0.4019,False,"Burglary +1.4 sd, Theft +1.2 sd, Woman & Child Repression +1.2 sd",
2022-09-30,0.4228,False,"Theft +1.3 sd, Riot +1.3 sd, Arms Act -1.0 sd",
2022-10-31,0.3956,False,"Arms Act -1.2 sd, Riot -1.0 sd, Speedy Trial +0.9 sd",
2022-11-30,0.3963,False,"Explosive Act +1.9 sd, Arms Act -0.8 sd, Kidnapping -0.8 sd",
2022-12-31,0.4822,False,"Explosive Act +2.3 sd, Murder -2.1 sd, Woman & Child Repression -1.6 sd",
2023-01-31,0.4267,False,"Murder -1.7 sd, Woman & Child Repression -1.4 sd, Other Cases -1.1 sd",
2023-02-28,0.4422,False,"Murder -1.5 sd, Burglary -1.4 sd, Kidnapping -1.4 sd",
2023-03-31,0.3801,False,"Riot -1.0 sd, Burglary -0.9 sd, Theft +0.6 sd",
2023-04-30,0.4164,False,"Other Cases +1.3 sd, Dacoity -1.3 sd, Riot -1.0 sd",
2023-05-31,0.3947,False,"Other Cases +1.3 sd, Murder -0.8 sd, Explosive Act +0.7 sd",
2023-06-30,0.3909,False,"Arms Act -1.4 sd, Riot -1.0 sd, Theft +0.8 sd",
2023-07-31,0.3798,False,"Other Cases +1.0 sd, Explosive Act +0.8 sd, Theft +0.6 sd",
2023-08-31,0.403,False,"Theft +1.1 sd, Riot -1.0 sd, Dacoity -1.0 sd",
2023-09-30,0.4014,False,"Smuggling +1.3 sd, Dacoity -1.1 sd, Murder -1.0 sd",
2023-10-31,0.4473,False,"Explosive Act +2.5 sd, Riot +1.8 sd, Police Assault +1.7 sd",Total Cases
2023-11-30,0.4647,False,"Explosive Act +3.1 sd, Police Assault +1.8 sd, Murder -1.3 sd",
2023-12-31,0.4356,False,"Woman & Child Repression -1.7 sd, Explosive Act +1.2 sd, Smuggling -1.2 sd",
2024-01-31,0.4342,False,"Woman & Child Repression -2.3 sd, Smuggling -1.4 sd, Murder -1.2 sd",
2024-02-29,0.413,False,"Explosive Act -1.1 sd, Smuggling -1.1 sd, Woman & Child Repression -1.0 sd",
2024-03-31,0.4261,False,"Other Cases +1.5 sd, Riot +1.1 sd, Murder -1.0 sd",
2024-04-30,0.4336,False,"Other Cases +2.0 sd, Police Assault +1.8 sd, Speedy Trial +0.9 sd",Narcotics
2024-05-31,0.3815,False,"Riot -1.0 sd, Other Cases +0.9 sd, Arms Act -0.8 sd",
2024-06-30,0.4168,False,"Explosive Act -1.6 sd, Arms Act -1.3 sd, Kidnapping -1.0 sd",
2024-07-31,0.5176,False,"Police Assault +4.3 sd, Riot +3.4 sd, Explosive Act +2.0 sd",
2024-08-31,0.6823,True,"Murder +5.1 sd, Narcotics -4.7 sd, Arms Act -4.1 sd",
2024-09-30,0.5426,True,"Narcotics -3.0 sd, Riot +2.3 sd, Explosive Act +2.3 sd","Dacoity, Kidnapping"
2024-10-31,0.472,False,"Dacoity +1.9 sd, Explosive Act +1.7 sd, Kidnapping +1.6 sd",Robbery
2024-11-30,0.4405,False,"Murder -1.8 sd, Riot +1.7 sd, Explosive Act +1.1 sd",
2024-12-31,0.4737,False,"Dacoity +2.0 sd, Murder -2.0 sd, Woman & Child Repression -1.6 sd",
2025-01-31,0.4523,False,"Dacoity +2.0 sd, Kidnapping +1.8 sd, Robbery +1.6 sd",Murder
2025-02-28,0.4733,False,"Dacoity +2.1 sd, Riot +1.6 sd, Narcotics -1.3 sd",
2025-03-31,0.4949,False,"Police Assault +2.4 sd, Riot +2.1 sd, Other Cases +1.9 sd",Reported Crime (excl. Recovery)
2025-04-30,0.443,False,"Other Cases +1.9 sd, Kidnapping +1.4 sd, Robbery +1.2 sd",Arms Act
2025-05-31,0.4671,False,"Dacoity +1.9 sd, Robbery +1.7 sd, Riot +1.4 sd",
2025-06-30,0.4537,False,"Riot +1.4 sd, Murder +1.3 sd, Arms Act +1.3 sd",
2025-07-31,0.465,False,"Kidnapping +1.9 sd, Murder +1.6 sd, Dacoity +1.5 sd",
2025-08-31,0.4438,False,"Burglary +1.7 sd, Robbery +1.7 sd, Dacoity +1.7 sd",
2025-09-30,0.4192,False,"Kidnapping +1.6 sd, Robbery +1.6 sd, Burglary +1.5 sd",
2025-10-31,0.4616,False,"Kidnapping +1.9 sd, Robbery +1.7 sd, Burglary +1.6 sd",
2025-11-30,0.4171,False,"Kidnapping +1.5 sd, Explosive Act +1.4 sd, Narcotics -1.0 sd",
2025-12-31,0.4592,False,"Dacoity +1.7 sd, Police Assault -1.5 sd, Woman & Child Repression -1.5 sd",
2026-01-31,0.4673,False,"Arms Act +2.3 sd, Robbery +1.4 sd, Kidnapping +1.3 sd",
2026-02-28,0.491,False,"Smuggling -2.1 sd, Woman & Child Repression -1.7 sd, Narcotics -1.5 sd",
2026-03-31,0.4459,False,"Kidnapping +1.7 sd, Other Cases +1.4 sd, Burglary +1.3 sd",
2026-04-30,0.4287,False,"Kidnapping +1.5 sd, Other Cases +1.3 sd, Robbery +1.2 sd","Total Cases, Narcotics"
2026-05-31,0.4201,False,"Robbery +1.5 sd, Kidnapping +1.4 sd, Explosive Act -1.0 sd",
2026-06-30,0.4461,False,"Other Cases +1.9 sd, Burglary +1.5 sd, Kidnapping +1.4 sd",
2026-07-31,0.4594,False,"Explosive Act -1.8 sd, Burglary +1.5 sd, Woman & Child Repression +1.4 sd",
2026-08-31,0.4517,False,"Burglary +2.2 sd, Kidnapping +1.5 sd, Robbery +1.3 sd",
