date,series,cases
2019-01-31,All recorded cases,17484
2019-02-28,All recorded cases,17662
2019-03-31,All recorded cases,17557
2019-04-30,All recorded cases,20135
2019-05-31,All recorded cases,20955
2019-06-30,All recorded cases,18580
2019-07-31,All recorded cases,19986
2019-08-31,All recorded cases,19146
2019-09-30,All recorded cases,20563
2019-10-31,All recorded cases,18710
2019-11-30,All recorded cases,17946
2019-12-31,All recorded cases,16960
2020-01-31,All recorded cases,18006
2020-02-29,All recorded cases,17472
2020-03-31,All recorded cases,17150
2020-04-30,All recorded cases,9098
2020-05-31,All recorded cases,11513
2020-06-30,All recorded cases,13192
2020-07-31,All recorded cases,17823
2020-08-31,All recorded cases,16165
2020-09-30,All recorded cases,16650
2020-10-31,All recorded cases,17813
2020-11-30,All recorded cases,17219
2020-12-31,All recorded cases,15825
2021-01-31,All recorded cases,16101
2021-02-28,All recorded cases,15545
2021-03-31,All recorded cases,18052
2021-04-30,All recorded cases,16302
2021-05-31,All recorded cases,17172
2021-06-30,All recorded cases,17546
2021-07-31,All recorded cases,14925
2021-08-31,All recorded cases,17896
2021-09-30,All recorded cases,17316
2021-10-31,All recorded cases,16270
2021-11-30,All recorded cases,15670
2021-12-31,All recorded cases,14715
2022-01-31,All recorded cases,16027
2022-02-28,All recorded cases,15902
2022-03-31,All recorded cases,17844
2022-04-30,All recorded cases,18287
2022-05-31,All recorded cases,17788
2022-06-30,All recorded cases,17362
2022-07-31,All recorded cases,17137
2022-08-31,All recorded cases,18485
2022-09-30,All recorded cases,17270
2022-10-31,All recorded cases,17008
2022-11-30,All recorded cases,16553
2022-12-31,All recorded cases,14567
2023-01-31,All recorded cases,15607
2023-02-28,All recorded cases,15305
2023-03-31,All recorded cases,17262
2023-04-30,All recorded cases,16644
2023-05-31,All recorded cases,17943
2023-06-30,All recorded cases,16586
2023-07-31,All recorded cases,17738
2023-08-31,All recorded cases,17699
2023-09-30,All recorded cases,16499
2023-10-31,All recorded cases,15989
2023-11-30,All recorded cases,13681
2023-12-31,All recorded cases,14483
2024-01-31,All recorded cases,14043
2024-02-29,All recorded cases,15490
2024-03-31,All recorded cases,17280
2024-04-30,All recorded cases,16819
2024-05-31,All recorded cases,16011
2024-06-30,All recorded cases,15604
2024-07-31,All recorded cases,14966
2024-08-31,All recorded cases,8833
2024-09-30,All recorded cases,12245
2024-10-31,All recorded cases,13265
2024-11-30,All recorded cases,13827
2024-12-31,All recorded cases,13622
2025-01-31,All recorded cases,14572
2025-02-28,All recorded cases,13002
2025-03-31,All recorded cases,16240
2025-04-30,All recorded cases,16368
2025-05-31,All recorded cases,16045
2025-06-30,All recorded cases,15167
2025-07-31,All recorded cases,15389
2025-08-31,All recorded cases,15656
2025-09-30,All recorded cases,15431
2025-10-31,All recorded cases,16170
2025-11-30,All recorded cases,14465
2025-12-31,All recorded cases,13232
2026-01-31,All recorded cases,14058
2026-02-28,All recorded cases,11775
2026-03-31,All recorded cases,16157
2026-04-30,All recorded cases,17180
2026-05-31,All recorded cases,18149
2026-06-30,All recorded cases,18820
2026-07-31,All recorded cases,17911
2026-08-31,All recorded cases,18896
2019-01-31,Reported crime,7850
2019-02-28,Reported crime,7113
2019-03-31,Reported crime,7875
2019-04-30,Reported crime,9569
2019-05-31,Reported crime,10827
2019-06-30,Reported crime,10096
2019-07-31,Reported crime,9243
2019-08-31,Reported crime,9440
2019-09-30,Reported crime,9745
2019-10-31,Reported crime,9167
2019-11-30,Reported crime,8688
2019-12-31,Reported crime,7997
2020-01-31,Reported crime,8307
2020-02-29,Reported crime,8431
2020-03-31,Reported crime,9092
2020-04-30,Reported crime,7290
2020-05-31,Reported crime,8830
2020-06-30,Reported crime,8747
2020-07-31,Reported crime,9255
2020-08-31,Reported crime,10243
2020-09-30,Reported crime,9921
2020-10-31,Reported crime,10852
2020-11-30,Reported crime,10055
2020-12-31,Reported crime,8961
2021-01-31,Reported crime,9073
2021-02-28,Reported crime,8751
2021-03-31,Reported crime,10024
2021-04-30,Reported crime,10564
2021-05-31,Reported crime,10806
2021-06-30,Reported crime,10214
2021-07-31,Reported crime,9160
2021-08-31,Reported crime,9453
2021-09-30,Reported crime,9452
2021-10-31,Reported crime,9264
2021-11-30,Reported crime,8375
2021-12-31,Reported crime,8297
2022-01-31,Reported crime,8621
2022-02-28,Reported crime,8226
2022-03-31,Reported crime,10051
2022-04-30,Reported crime,11172
2022-05-31,Reported crime,10588
2022-06-30,Reported crime,10168
2022-07-31,Reported crime,10401
2022-08-31,Reported crime,10842
2022-09-30,Reported crime,10028
2022-10-31,Reported crime,10038
2022-11-30,Reported crime,9229
2022-12-31,Reported crime,7903
2023-01-31,Reported crime,8274
2023-02-28,Reported crime,8578
2023-03-31,Reported crime,9912
2023-04-30,Reported crime,10365
2023-05-31,Reported crime,10739
2023-06-30,Reported crime,10189
2023-07-31,Reported crime,10513
2023-08-31,Reported crime,10154
2023-09-30,Reported crime,9293
2023-10-31,Reported crime,9601
2023-11-30,Reported crime,8455
2023-12-31,Reported crime,8220
2024-01-31,Reported crime,8154
2024-02-29,Reported crime,9127
2024-03-31,Reported crime,10647
2024-04-30,Reported crime,11239
2024-05-31,Reported crime,10253
2024-06-30,Reported crime,10304
2024-07-31,Reported crime,9689
2024-08-31,Reported crime,7652
2024-09-30,Reported crime,9989
2024-10-31,Reported crime,9550
2024-11-30,Reported crime,9440
2024-12-31,Reported crime,9161
2025-01-31,Reported crime,9880
2025-02-28,Reported crime,9089
2025-03-31,Reported crime,11807
2025-04-30,Reported crime,11647
2025-05-31,Reported crime,11189
2025-06-30,Reported crime,10690
2025-07-31,Reported crime,10399
2025-08-31,Reported crime,10423
2025-09-30,Reported crime,10492
2025-10-31,Reported crime,11194
2025-11-30,Reported crime,10092
2025-12-31,Reported crime,8703
2026-01-31,Reported crime,8623
2026-02-28,Reported crime,8087
2026-03-31,Reported crime,10748
2026-04-30,Reported crime,11106
2026-05-31,Reported crime,10715
2026-06-30,Reported crime,11888
2026-07-31,Reported crime,11150
2026-08-31,Reported crime,11278
2019-01-31,Recovery cases,9634
2019-02-28,Recovery cases,10549
2019-03-31,Recovery cases,9682
2019-04-30,Recovery cases,10566
2019-05-31,Recovery cases,10128
2019-06-30,Recovery cases,8484
2019-07-31,Recovery cases,10743
2019-08-31,Recovery cases,9706
2019-09-30,Recovery cases,10818
2019-10-31,Recovery cases,9543
2019-11-30,Recovery cases,9258
2019-12-31,Recovery cases,8963
2020-01-31,Recovery cases,9699
2020-02-29,Recovery cases,9041
2020-03-31,Recovery cases,8058
2020-04-30,Recovery cases,1808
2020-05-31,Recovery cases,2683
2020-06-30,Recovery cases,4445
2020-07-31,Recovery cases,8568
2020-08-31,Recovery cases,5922
2020-09-30,Recovery cases,6729
2020-10-31,Recovery cases,6961
2020-11-30,Recovery cases,7164
2020-12-31,Recovery cases,6864
2021-01-31,Recovery cases,7028
2021-02-28,Recovery cases,6794
2021-03-31,Recovery cases,8028
2021-04-30,Recovery cases,5738
2021-05-31,Recovery cases,6366
2021-06-30,Recovery cases,7332
2021-07-31,Recovery cases,5765
2021-08-31,Recovery cases,8443
2021-09-30,Recovery cases,7864
2021-10-31,Recovery cases,7006
2021-11-30,Recovery cases,7295
2021-12-31,Recovery cases,6418
2022-01-31,Recovery cases,7406
2022-02-28,Recovery cases,7676
2022-03-31,Recovery cases,7793
2022-04-30,Recovery cases,7115
2022-05-31,Recovery cases,7200
2022-06-30,Recovery cases,7194
2022-07-31,Recovery cases,6736
2022-08-31,Recovery cases,7643
2022-09-30,Recovery cases,7242
2022-10-31,Recovery cases,6970
2022-11-30,Recovery cases,7324
2022-12-31,Recovery cases,6664
2023-01-31,Recovery cases,7333
2023-02-28,Recovery cases,6727
2023-03-31,Recovery cases,7350
2023-04-30,Recovery cases,6279
2023-05-31,Recovery cases,7204
2023-06-30,Recovery cases,6397
2023-07-31,Recovery cases,7225
2023-08-31,Recovery cases,7545
2023-09-30,Recovery cases,7206
2023-10-31,Recovery cases,6388
2023-11-30,Recovery cases,5226
2023-12-31,Recovery cases,6263
2024-01-31,Recovery cases,5889
2024-02-29,Recovery cases,6363
2024-03-31,Recovery cases,6633
2024-04-30,Recovery cases,5580
2024-05-31,Recovery cases,5758
2024-06-30,Recovery cases,5300
2024-07-31,Recovery cases,5277
2024-08-31,Recovery cases,1181
2024-09-30,Recovery cases,2256
2024-10-31,Recovery cases,3715
2024-11-30,Recovery cases,4387
2024-12-31,Recovery cases,4461
2025-01-31,Recovery cases,4692
2025-02-28,Recovery cases,3913
2025-03-31,Recovery cases,4433
2025-04-30,Recovery cases,4721
2025-05-31,Recovery cases,4856
2025-06-30,Recovery cases,4477
2025-07-31,Recovery cases,4990
2025-08-31,Recovery cases,5233
2025-09-30,Recovery cases,4939
2025-10-31,Recovery cases,4976
2025-11-30,Recovery cases,4373
2025-12-31,Recovery cases,4529
2026-01-31,Recovery cases,5435
2026-02-28,Recovery cases,3688
2026-03-31,Recovery cases,5409
2026-04-30,Recovery cases,6074
2026-05-31,Recovery cases,7434
2026-06-30,Recovery cases,6932
2026-07-31,Recovery cases,6761
2026-08-31,Recovery cases,7618
