year,unit,Reported Crime (excl. Recovery),per_year,rank,focus,sw,year_s
2019,BMP,860,860.0,14,BMP,3.0,2019
2019,Barishal Range,7316,7316.0,8,Other units,1.4,2019
2019,CMP,2752,2752.0,10,Other units,1.4,2019
2019,Chittagong Range,16322,16322.0,2,Other units,1.4,2019
2019,DMP,10768,10768.0,4,DMP,3.0,2019
2019,Dhaka Range,17716,17716.0,1,Other units,1.4,2019
2019,GMP,1692,1692.0,11,Other units,1.4,2019
2019,KMP,622,622.0,16,Other units,1.4,2019
2019,Khulna Range,10298,10298.0,5,Other units,1.4,2019
2019,Mymensingh Range,7793,7793.0,7,Other units,1.4,2019
2019,RMP,984,984.0,13,Other units,1.4,2019
2019,RPMP,731,731.0,15,Other units,1.4,2019
2019,Rajshahi Range,10180,10180.0,6,Rajshahi Range,3.0,2019
2019,Rangpur Range,11671,11671.0,3,Other units,1.4,2019
2019,SMP,1277,1277.0,12,SMP,3.0,2019
2019,Sylhet Range,6365,6365.0,9,Other units,1.4,2019
2020,BMP,847,847.0,15,BMP,3.0,2020
2020,Barishal Range,7064,7064.0,8,Other units,1.4,2020
2020,CMP,2935,2935.0,10,Other units,1.4,2020
2020,Chittagong Range,16965,16965.0,2,Other units,1.4,2020
2020,DMP,9827,9827.0,6,DMP,3.0,2020
2020,Dhaka Range,17412,17412.0,1,Other units,1.4,2020
2020,GMP,1774,1774.0,11,Other units,1.4,2020
2020,KMP,549,549.0,16,Other units,1.4,2020
2020,Khulna Range,10997,10997.0,4,Other units,1.4,2020
2020,Mymensingh Range,8931,8931.0,7,Other units,1.4,2020
2020,RMP,1011,1011.0,13,Other units,1.4,2020
2020,RPMP,954,954.0,14,Other units,1.4,2020
2020,Rajshahi Range,10758,10758.0,5,Rajshahi Range,3.0,2020
2020,Rangpur Range,12346,12346.0,3,Other units,1.4,2020
2020,SMP,1350,1350.0,12,SMP,3.0,2020
2020,Sylhet Range,6072,6072.0,9,Other units,1.4,2020
2021,BMP,777,777.0,15,BMP,3.0,2021
2021,Barishal Range,6733,6733.0,8,Other units,1.4,2021
2021,CMP,3602,3602.0,10,Other units,1.4,2021
2021,Chittagong Range,17045,17045.0,2,Other units,1.4,2021
2021,DMP,10887,10887.0,5,DMP,3.0,2021
2021,Dhaka Range,18694,18694.0,1,Other units,1.4,2021
2021,GMP,1530,1530.0,12,Other units,1.4,2021
2021,KMP,705,705.0,16,Other units,1.4,2021
2021,Khulna Range,11290,11290.0,4,Other units,1.4,2021
2021,Mymensingh Range,9384,9384.0,7,Other units,1.4,2021
2021,RMP,936,936.0,14,Other units,1.4,2021
2021,RPMP,1057,1057.0,13,Other units,1.4,2021
2021,Rajshahi Range,10796,10796.0,6,Rajshahi Range,3.0,2021
2021,Rangpur Range,12112,12112.0,3,Other units,1.4,2021
2021,SMP,1723,1723.0,11,SMP,3.0,2021
2021,Sylhet Range,5951,5951.0,9,Other units,1.4,2021
2022,BMP,853,853.0,15,BMP,3.0,2022
2022,Barishal Range,6356,6356.0,8,Other units,1.4,2022
2022,CMP,3519,3519.0,10,Other units,1.4,2022
2022,Chittagong Range,15688,15688.0,2,Other units,1.4,2022
2022,DMP,12349,12349.0,4,DMP,3.0,2022
2022,Dhaka Range,19817,19817.0,1,Other units,1.4,2022
2022,GMP,1617,1617.0,11,Other units,1.4,2022
2022,KMP,683,683.0,16,Other units,1.4,2022
2022,Khulna Range,11683,11683.0,6,Other units,1.4,2022
2022,Mymensingh Range,9868,9868.0,7,Other units,1.4,2022
2022,RMP,933,933.0,14,Other units,1.4,2022
2022,RPMP,1059,1059.0,13,Other units,1.4,2022
2022,Rajshahi Range,12317,12317.0,5,Rajshahi Range,3.0,2022
2022,Rangpur Range,12531,12531.0,3,Other units,1.4,2022
2022,SMP,1536,1536.0,12,SMP,3.0,2022
2022,Sylhet Range,6086,6086.0,9,Other units,1.4,2022
2023,BMP,904,904.0,15,BMP,3.0,2023
2023,Barishal Range,6479,6479.0,8,Other units,1.4,2023
2023,CMP,2982,2982.0,10,Other units,1.4,2023
2023,Chittagong Range,15769,15769.0,2,Other units,1.4,2023
2023,DMP,11940,11940.0,5,DMP,3.0,2023
2023,Dhaka Range,18935,18935.0,1,Other units,1.4,2023
2023,GMP,1607,1607.0,11,Other units,1.4,2023
2023,KMP,931,931.0,14,Other units,1.4,2023
2023,Khulna Range,10977,10977.0,6,Other units,1.4,2023
2023,Mymensingh Range,8834,8834.0,7,Other units,1.4,2023
2023,RMP,1046,1046.0,13,Other units,1.4,2023
2023,RPMP,834,834.0,16,Other units,1.4,2023
2023,Rajshahi Range,12342,12342.0,4,Rajshahi Range,3.0,2023
2023,Rangpur Range,13006,13006.0,3,Other units,1.4,2023
2023,SMP,1406,1406.0,12,SMP,3.0,2023
2023,Sylhet Range,5905,5905.0,9,Other units,1.4,2023
2024,BMP,1068,1068.0,14,BMP,3.0,2024
2024,Barishal Range,7944,7944.0,7,Other units,1.4,2024
2024,CMP,3030,3030.0,10,Other units,1.4,2024
2024,Chittagong Range,16976,16976.0,2,Other units,1.4,2024
2024,DMP,11287,11287.0,5,DMP,3.0,2024
2024,Dhaka Range,18797,18797.0,1,Other units,1.4,2024
2024,GMP,1700,1700.0,11,Other units,1.4,2024
2024,KMP,902,902.0,15,Other units,1.4,2024
2024,Khulna Range,11073,11073.0,6,Other units,1.4,2024
2024,Mymensingh Range,7508,7508.0,8,Other units,1.4,2024
2024,RMP,1110,1110.0,13,Other units,1.4,2024
2024,RPMP,763,763.0,16,Other units,1.4,2024
2024,Rajshahi Range,12940,12940.0,3,Rajshahi Range,3.0,2024
2024,Rangpur Range,12398,12398.0,4,Other units,1.4,2024
2024,SMP,1188,1188.0,12,SMP,3.0,2024
2024,Sylhet Range,6103,6103.0,9,Other units,1.4,2024
2025,BMP,1076,1076.0,14,BMP,3.0,2025
2025,Barishal Range,9043,9043.0,7,Other units,1.4,2025
2025,CMP,2990,2990.0,10,Other units,1.4,2025
2025,Chittagong Range,19013,19013.0,2,Other units,1.4,2025
2025,DMP,12102,12102.0,5,DMP,3.0,2025
2025,Dhaka Range,22330,22330.0,1,Other units,1.4,2025
2025,GMP,2030,2030.0,11,Other units,1.4,2025
2025,KMP,980,980.0,15,Other units,1.4,2025
2025,Khulna Range,11341,11341.0,6,Other units,1.4,2025
2025,Mymensingh Range,7365,7365.0,8,Other units,1.4,2025
2025,RMP,1171,1171.0,12,Other units,1.4,2025
2025,RPMP,615,615.0,16,Other units,1.4,2025
2025,Rajshahi Range,13779,13779.0,3,Rajshahi Range,3.0,2025
2025,Rangpur Range,13323,13323.0,4,Other units,1.4,2025
2025,SMP,1102,1102.0,13,SMP,3.0,2025
2025,Sylhet Range,6944,6944.0,9,Other units,1.4,2025
2026,BMP,773,1160.0,12,BMP,3.0,2026*
2026,Barishal Range,6045,9068.0,7,Other units,1.4,2026*
2026,CMP,2008,3012.0,10,Other units,1.4,2026*
2026,Chittagong Range,13778,20667.0,2,Other units,1.4,2026*
2026,DMP,6625,9938.0,6,DMP,3.0,2026*
2026,Dhaka Range,15708,23562.0,1,Other units,1.4,2026*
2026,GMP,1404,2106.0,11,Other units,1.4,2026*
2026,KMP,559,838.0,15,Other units,1.4,2026*
2026,Khulna Range,7658,11487.0,5,Other units,1.4,2026*
2026,Mymensingh Range,4774,7161.0,8,Other units,1.4,2026*
2026,RMP,763,1144.0,13,Other units,1.4,2026*
2026,RPMP,488,732.0,16,Other units,1.4,2026*
2026,Rajshahi Range,8766,13149.0,4,Rajshahi Range,3.0,2026*
2026,Rangpur Range,8873,13310.0,3,Other units,1.4,2026*
2026,SMP,694,1041.0,14,SMP,3.0,2026*
2026,Sylhet Range,4443,6664.0,9,Other units,1.4,2026*
