year,1,2,3,4,5,6,7,8,9,10,11,12,series
2019,7850.0,7113.0,7875.0,9569.0,10827.0,10096.0,9243.0,9440.0,9745.0,9167.0,8688.0,7997.0,Reported Crime (excl. Recovery)
2020,8307.0,8431.0,9092.0,7290.0,8830.0,8747.0,9255.0,10243.0,9921.0,10852.0,10055.0,8961.0,Reported Crime (excl. Recovery)
2021,9073.0,8751.0,10024.0,10564.0,10806.0,10214.0,9160.0,9453.0,9452.0,9264.0,8375.0,8297.0,Reported Crime (excl. Recovery)
2022,8621.0,8226.0,10051.0,11172.0,10588.0,10168.0,10401.0,10842.0,10028.0,10038.0,9229.0,7903.0,Reported Crime (excl. Recovery)
2023,8274.0,8578.0,9912.0,10365.0,10739.0,10189.0,10513.0,10154.0,9293.0,9601.0,8455.0,8220.0,Reported Crime (excl. Recovery)
2024,8154.0,9127.0,10647.0,11239.0,10253.0,10304.0,9689.0,7652.0,9989.0,9550.0,9440.0,9161.0,Reported Crime (excl. Recovery)
2025,9880.0,9089.0,11807.0,11647.0,11189.0,10690.0,10399.0,10423.0,10492.0,11194.0,10092.0,8703.0,Reported Crime (excl. Recovery)
2026,8623.0,8087.0,10748.0,11106.0,10715.0,11888.0,11150.0,11278.0,,,,,Reported Crime (excl. Recovery)
2019,9634.0,10549.0,9682.0,10566.0,10128.0,8484.0,10743.0,9706.0,10818.0,9543.0,9258.0,8963.0,Recovery Total
2020,9699.0,9041.0,8058.0,1808.0,2683.0,4445.0,8568.0,5922.0,6729.0,6961.0,7164.0,6864.0,Recovery Total
2021,7028.0,6794.0,8028.0,5738.0,6366.0,7332.0,5765.0,8443.0,7864.0,7006.0,7295.0,6418.0,Recovery Total
2022,7406.0,7676.0,7793.0,7115.0,7200.0,7194.0,6736.0,7643.0,7242.0,6970.0,7324.0,6664.0,Recovery Total
2023,7333.0,6727.0,7350.0,6279.0,7204.0,6397.0,7225.0,7545.0,7206.0,6388.0,5226.0,6263.0,Recovery Total
2024,5889.0,6363.0,6633.0,5580.0,5758.0,5300.0,5277.0,1181.0,2256.0,3715.0,4387.0,4461.0,Recovery Total
2025,4692.0,3913.0,4433.0,4721.0,4856.0,4477.0,4990.0,5233.0,4939.0,4976.0,4373.0,4529.0,Recovery Total
2026,5435.0,3688.0,5409.0,6074.0,7434.0,6932.0,6761.0,7618.0,,,,,Recovery Total
2019,17484.0,17662.0,17557.0,20135.0,20955.0,18580.0,19986.0,19146.0,20563.0,18710.0,17946.0,16960.0,Total Cases
2020,18006.0,17472.0,17150.0,9098.0,11513.0,13192.0,17823.0,16165.0,16650.0,17813.0,17219.0,15825.0,Total Cases
2021,16101.0,15545.0,18052.0,16302.0,17172.0,17546.0,14925.0,17896.0,17316.0,16270.0,15670.0,14715.0,Total Cases
2022,16027.0,15902.0,17844.0,18287.0,17788.0,17362.0,17137.0,18485.0,17270.0,17008.0,16553.0,14567.0,Total Cases
2023,15607.0,15305.0,17262.0,16644.0,17943.0,16586.0,17738.0,17699.0,16499.0,15989.0,13681.0,14483.0,Total Cases
2024,14043.0,15490.0,17280.0,16819.0,16011.0,15604.0,14966.0,8833.0,12245.0,13265.0,13827.0,13622.0,Total Cases
2025,14572.0,13002.0,16240.0,16368.0,16045.0,15167.0,15389.0,15656.0,15431.0,16170.0,14465.0,13232.0,Total Cases
2026,14058.0,11775.0,16157.0,17180.0,18149.0,18820.0,17911.0,18896.0,,,,,Total Cases
2019,32.0,24.0,20.0,28.0,24.0,25.0,38.0,28.0,38.0,38.0,22.0,33.0,Dacoity
2020,39.0,26.0,26.0,10.0,11.0,27.0,23.0,28.0,28.0,32.0,29.0,23.0,Dacoity
2021,33.0,26.0,23.0,15.0,23.0,38.0,22.0,30.0,23.0,29.0,28.0,18.0,Dacoity
2022,30.0,37.0,35.0,26.0,24.0,40.0,37.0,40.0,47.0,38.0,29.0,23.0,Dacoity
2023,27.0,21.0,30.0,20.0,35.0,27.0,39.0,22.0,21.0,22.0,25.0,30.0,Dacoity
2024,29.0,33.0,25.0,29.0,31.0,36.0,27.0,37.0,57.0,68.0,47.0,71.0,Dacoity
2025,71.0,74.0,60.0,46.0,67.0,49.0,59.0,62.0,50.0,56.0,44.0,64.0,Dacoity
2026,52.0,42.0,39.0,51.0,42.0,38.0,53.0,42.0,,,,,Dacoity
2019,68.0,43.0,39.0,71.0,82.0,92.0,96.0,79.0,75.0,90.0,95.0,66.0,Robbery
2020,83.0,87.0,78.0,32.0,59.0,79.0,91.0,84.0,105.0,120.0,79.0,81.0,Robbery
2021,87.0,67.0,85.0,80.0,83.0,86.0,61.0,84.0,86.0,94.0,82.0,76.0,Robbery
2022,91.0,85.0,94.0,107.0,85.0,85.0,97.0,107.0,109.0,102.0,92.0,74.0,Robbery
2023,107.0,97.0,111.0,118.0,95.0,105.0,94.0,104.0,106.0,106.0,79.0,105.0,Robbery
2024,114.0,121.0,138.0,97.0,115.0,103.0,101.0,62.0,104.0,157.0,133.0,159.0,Robbery
2025,171.0,153.0,171.0,149.0,177.0,151.0,166.0,176.0,169.0,180.0,140.0,132.0,Robbery
2026,163.0,134.0,142.0,152.0,167.0,149.0,160.0,154.0,,,,,Robbery
2019,351.0,262.0,290.0,319.0,320.0,371.0,332.0,344.0,268.0,288.0,258.0,250.0,Murder
2020,273.0,257.0,279.0,273.0,361.0,303.0,358.0,322.0,279.0,304.0,271.0,259.0,Murder
2021,257.0,249.0,295.0,302.0,295.0,267.0,279.0,278.0,267.0,243.0,251.0,231.0,Murder
2022,264.0,234.0,247.0,269.0,276.0,249.0,306.0,266.0,283.0,277.0,255.0,200.0,Murder
2023,214.0,222.0,268.0,296.0,246.0,272.0,296.0,253.0,238.0,258.0,227.0,233.0,Murder
2024,231.0,240.0,239.0,296.0,259.0,268.0,334.0,626.0,283.0,249.0,211.0,204.0,Murder
2025,294.0,300.0,316.0,336.0,341.0,344.0,362.0,321.0,297.0,319.0,279.0,277.0,Murder
2026,287.0,250.0,317.0,288.0,310.0,326.0,298.0,286.0,,,,,Murder
2019,48.0,63.0,74.0,53.0,5.0,7.0,7.0,55.0,50.0,69.0,46.0,54.0,Speedy Trial
2020,53.0,56.0,72.0,37.0,44.0,86.0,81.0,91.0,84.0,103.0,86.0,78.0,Speedy Trial
2021,92.0,90.0,110.0,75.0,116.0,112.0,103.0,93.0,77.0,70.0,100.0,79.0,Speedy Trial
2022,94.0,81.0,95.0,111.0,96.0,98.0,91.0,98.0,102.0,117.0,85.0,64.0,Speedy Trial
2023,84.0,95.0,99.0,109.0,99.0,104.0,94.0,90.0,99.0,65.0,89.0,77.0,Speedy Trial
2024,92.0,108.0,110.0,120.0,98.0,95.0,102.0,99.0,128.0,93.0,91.0,90.0,Speedy Trial
2025,91.0,83.0,90.0,88.0,80.0,64.0,89.0,66.0,92.0,103.0,79.0,63.0,Speedy Trial
2026,57.0,48.0,91.0,77.0,80.0,50.0,59.0,52.0,,,,,Speedy Trial
2019,1.0,0.0,4.0,0.0,0.0,0.0,0.0,0.0,0.0,1.0,1.0,1.0,Riot
2020,2.0,1.0,2.0,0.0,0.0,0.0,1.0,1.0,0.0,0.0,4.0,2.0,Riot
2021,0.0,1.0,1.0,8.0,0.0,3.0,0.0,2.0,0.0,1.0,5.0,2.0,Riot
2022,0.0,0.0,0.0,0.0,1.0,0.0,0.0,1.0,7.0,0.0,3.0,1.0,Riot
2023,1.0,0.0,0.0,0.0,3.0,0.0,3.0,0.0,2.0,12.0,7.0,0.0,Riot
2024,1.0,2.0,6.0,3.0,0.0,2.0,52.0,15.0,19.0,5.0,11.0,9.0,Riot
2025,8.0,10.0,16.0,3.0,8.0,8.0,4.0,2.0,3.0,1.0,3.0,0.0,Riot
2026,1.0,1.0,0.0,3.0,4.0,3.0,2.0,1.0,,,,,Riot
2019,1139.0,1217.0,1366.0,1971.0,2041.0,2100.0,2083.0,1937.0,2276.0,2101.0,1923.0,1610.0,Woman & Child Repression
2020,1624.0,1740.0,1803.0,925.0,1168.0,1739.0,1912.0,2313.0,2339.0,2982.0,2202.0,1770.0,Woman & Child Repression
2021,1641.0,1597.0,2000.0,1855.0,1849.0,2268.0,1817.0,2079.0,2135.0,1966.0,1503.0,1426.0,Woman & Child Repression
2022,1433.0,1454.0,1976.0,1876.0,2001.0,2039.0,1962.0,2215.0,2080.0,1942.0,1586.0,1202.0,Woman & Child Repression
2023,1265.0,1295.0,1652.0,1448.0,1867.0,1830.0,1794.0,1851.0,1699.0,1621.0,1426.0,1193.0,Woman & Child Repression
2024,1043.0,1371.0,1509.0,1623.0,1767.0,1689.0,1702.0,1072.0,1578.0,1560.0,1452.0,1205.0,Woman & Child Repression
2025,1440.0,1430.0,2054.0,2089.0,2087.0,1933.0,2097.0,1904.0,1928.0,1985.0,1744.0,1248.0,Woman & Child Repression
2026,1281.0,1181.0,1485.0,2011.0,1952.0,2200.0,2336.0,2156.0,,,,,Woman & Child Repression
2019,46.0,45.0,42.0,56.0,43.0,52.0,44.0,78.0,77.0,48.0,32.0,35.0,Kidnapping
2020,39.0,41.0,39.0,10.0,19.0,38.0,38.0,49.0,54.0,55.0,47.0,57.0,Kidnapping
2021,45.0,42.0,45.0,36.0,39.0,50.0,24.0,32.0,37.0,35.0,31.0,29.0,Kidnapping
2022,39.0,25.0,37.0,35.0,32.0,45.0,33.0,45.0,40.0,61.0,34.0,34.0,Kidnapping
2023,31.0,26.0,38.0,39.0,49.0,41.0,39.0,40.0,50.0,48.0,33.0,29.0,Kidnapping
2024,51.0,43.0,51.0,55.0,50.0,31.0,32.0,27.0,65.0,96.0,67.0,74.0,Kidnapping
2025,105.0,78.0,83.0,88.0,82.0,80.0,109.0,90.0,96.0,110.0,93.0,87.0,Kidnapping
2026,87.0,64.0,102.0,94.0,90.0,90.0,72.0,92.0,,,,,Kidnapping
2019,69.0,37.0,41.0,45.0,59.0,61.0,46.0,46.0,48.0,38.0,38.0,27.0,Police Assault
2020,31.0,34.0,43.0,45.0,50.0,33.0,39.0,24.0,23.0,52.0,40.0,35.0,Police Assault
2021,47.0,50.0,79.0,51.0,44.0,41.0,32.0,30.0,37.0,57.0,93.0,47.0,Police Assault
2022,53.0,45.0,57.0,55.0,44.0,56.0,40.0,44.0,45.0,51.0,55.0,56.0,Police Assault
2023,36.0,56.0,47.0,39.0,55.0,42.0,47.0,44.0,48.0,77.0,79.0,37.0,Police Assault
2024,43.0,37.0,43.0,79.0,43.0,36.0,170.0,41.0,24.0,34.0,49.0,44.0,Police Assault
2025,38.0,37.0,96.0,52.0,62.0,44.0,39.0,51.0,43.0,69.0,41.0,29.0,Police Assault
2026,42.0,42.0,63.0,66.0,55.0,49.0,42.0,41.0,,,,,Police Assault
2019,174.0,165.0,173.0,171.0,182.0,192.0,241.0,226.0,258.0,241.0,197.0,219.0,Burglary
2020,238.0,218.0,195.0,93.0,136.0,184.0,216.0,258.0,264.0,262.0,239.0,230.0,Burglary
2021,232.0,217.0,225.0,176.0,203.0,217.0,240.0,296.0,235.0,228.0,184.0,192.0,Burglary
2022,213.0,206.0,223.0,228.0,226.0,227.0,258.0,294.0,257.0,252.0,237.0,189.0,Burglary
2023,191.0,168.0,185.0,183.0,196.0,193.0,239.0,269.0,230.0,224.0,205.0,200.0,Burglary
2024,228.0,220.0,217.0,220.0,219.0,251.0,219.0,132.0,233.0,248.0,231.0,237.0,Burglary
2025,262.0,193.0,206.0,219.0,229.0,244.0,292.0,311.0,295.0,301.0,267.0,249.0,Burglary
2026,236.0,187.0,285.0,267.0,260.0,295.0,297.0,337.0,,,,,Burglary
2019,494.0,493.0,513.0,514.0,579.0,547.0,611.0,570.0,712.0,686.0,599.0,562.0,Theft
2020,681.0,571.0,560.0,293.0,397.0,506.0,779.0,584.0,752.0,745.0,675.0,657.0,Theft
2021,694.0,685.0,722.0,621.0,662.0,738.0,681.0,805.0,830.0,741.0,632.0,687.0,Theft
2022,729.0,719.0,888.0,887.0,689.0,842.0,743.0,910.0,926.0,784.0,771.0,703.0,Theft
2023,784.0,725.0,797.0,776.0,807.0,831.0,802.0,889.0,830.0,868.0,664.0,702.0,Theft
2024,749.0,820.0,865.0,812.0,726.0,745.0,785.0,381.0,605.0,722.0,716.0,729.0,Theft
2025,797.0,673.0,866.0,715.0,765.0,722.0,849.0,956.0,888.0,931.0,842.0,668.0,Theft
2026,828.0,634.0,856.0,806.0,804.0,836.0,872.0,839.0,,,,,Theft
2019,5428.0,4764.0,5313.0,6341.0,7492.0,6649.0,5745.0,6077.0,5943.0,5567.0,5477.0,5140.0,Other Cases
2020,5244.0,5400.0,5995.0,5572.0,6585.0,5752.0,5717.0,6489.0,5993.0,6197.0,6383.0,5769.0,Other Cases
2021,5945.0,5727.0,6439.0,7345.0,7492.0,6394.0,5901.0,5724.0,5725.0,5800.0,5466.0,5510.0,Other Cases
2022,5675.0,5340.0,6399.0,7578.0,7114.0,6487.0,6834.0,6822.0,6132.0,6414.0,6082.0,5357.0,Other Cases
2023,5534.0,5873.0,6685.0,7337.0,7287.0,6744.0,7066.0,6592.0,5970.0,6300.0,5621.0,5614.0,Other Cases
2024,5573.0,6132.0,7444.0,7905.0,6945.0,7048.0,6165.0,5160.0,6893.0,6318.0,6432.0,6339.0,Other Cases
2025,6603.0,6058.0,7849.0,7862.0,7291.0,7051.0,6333.0,6484.0,6631.0,7139.0,6560.0,5886.0,Other Cases
2026,5589.0,5504.0,7368.0,7291.0,6951.0,7852.0,6959.0,7278.0,,,,,Other Cases
2019,174.0,183.0,186.0,209.0,283.0,203.0,224.0,237.0,250.0,232.0,214.0,177.0,Arms Act
2020,172.0,174.0,161.0,77.0,112.0,136.0,239.0,90.0,128.0,155.0,134.0,112.0,Arms Act
2021,114.0,147.0,156.0,158.0,161.0,153.0,155.0,169.0,163.0,130.0,191.0,164.0,Arms Act
2022,147.0,158.0,140.0,170.0,147.0,128.0,116.0,118.0,106.0,100.0,112.0,98.0,Arms Act
2023,110.0,109.0,128.0,119.0,151.0,97.0,127.0,133.0,132.0,129.0,110.0,116.0,Arms Act
2024,121.0,129.0,128.0,117.0,112.0,98.0,105.0,44.0,150.0,120.0,159.0,105.0,Arms Act
2025,129.0,101.0,131.0,140.0,198.0,203.0,155.0,148.0,145.0,156.0,150.0,159.0,Arms Act
2026,269.0,193.0,135.0,139.0,122.0,129.0,136.0,159.0,,,,,Arms Act
2019,30.0,8.0,19.0,7.0,21.0,10.0,14.0,15.0,10.0,26.0,14.0,22.0,Explosive Act
2020,14.0,12.0,3.0,9.0,6.0,9.0,13.0,11.0,16.0,13.0,19.0,21.0,Explosive Act
2021,37.0,28.0,18.0,17.0,17.0,12.0,16.0,17.0,16.0,14.0,41.0,35.0,Explosive Act
2022,30.0,20.0,29.0,20.0,16.0,13.0,17.0,26.0,25.0,34.0,102.0,130.0,Explosive Act
2023,31.0,49.0,29.0,23.0,40.0,18.0,43.0,48.0,46.0,156.0,235.0,60.0,Explosive Act
2024,43.0,10.0,24.0,17.0,18.0,7.0,103.0,81.0,128.0,86.0,56.0,38.0,Explosive Act
2025,35.0,37.0,29.0,35.0,33.0,29.0,34.0,32.0,21.0,36.0,68.0,34.0,Explosive Act
2026,35.0,29.0,17.0,12.0,11.0,24.0,6.0,24.0,,,,,Explosive Act
2019,9069.0,10003.0,9160.0,10029.0,9491.0,7949.0,10170.0,9156.0,10198.0,8888.0,8670.0,8409.0,Narcotics
2020,9153.0,8531.0,7623.0,1639.0,2461.0,4145.0,8077.0,5575.0,6354.0,6485.0,6787.0,6509.0,Narcotics
2021,6639.0,6422.0,7636.0,5397.0,6033.0,6967.0,5418.0,8048.0,7487.0,6687.0,6904.0,6037.0,Narcotics
2022,7048.0,7309.0,7430.0,6714.0,6876.0,6867.0,6421.0,7298.0,6883.0,6640.0,6922.0,6267.0,Narcotics
2023,6968.0,6379.0,6976.0,5957.0,6827.0,6095.0,6863.0,7090.0,6721.0,5879.0,4704.0,5944.0,Narcotics
2024,5592.0,6076.0,6289.0,5264.0,5447.0,5017.0,4852.0,966.0,1827.0,3272.0,3978.0,4137.0,Narcotics
2025,4386.0,3632.0,4075.0,4392.0,4443.0,4098.0,4658.0,4860.0,4585.0,4585.0,3943.0,4148.0,Narcotics
2026,4922.0,3359.0,5062.0,5706.0,7092.0,6580.0,6383.0,7167.0,,,,,Narcotics
2019,361.0,355.0,317.0,321.0,333.0,322.0,335.0,298.0,360.0,397.0,360.0,355.0,Smuggling
2020,360.0,324.0,271.0,83.0,104.0,155.0,239.0,246.0,231.0,308.0,224.0,222.0,Smuggling
2021,238.0,197.0,218.0,166.0,155.0,200.0,176.0,209.0,198.0,175.0,159.0,182.0,Smuggling
2022,181.0,189.0,194.0,211.0,161.0,186.0,182.0,201.0,228.0,196.0,188.0,169.0,Smuggling
2023,224.0,190.0,217.0,180.0,186.0,187.0,192.0,274.0,307.0,224.0,177.0,143.0,Smuggling
2024,133.0,148.0,192.0,182.0,181.0,178.0,217.0,90.0,151.0,237.0,194.0,181.0,Smuggling
2025,142.0,143.0,198.0,154.0,182.0,147.0,143.0,193.0,188.0,199.0,212.0,188.0,Smuggling
2026,209.0,107.0,195.0,217.0,209.0,199.0,236.0,268.0,,,,,Smuggling
2019,351.0,262.0,290.0,319.0,320.0,371.0,332.0,344.0,268.0,288.0,258.0,250.0,Murder (excl. backlog filings)
2020,273.0,257.0,279.0,273.0,361.0,303.0,358.0,322.0,279.0,304.0,271.0,259.0,Murder (excl. backlog filings)
2021,257.0,249.0,295.0,302.0,295.0,267.0,279.0,278.0,267.0,243.0,251.0,231.0,Murder (excl. backlog filings)
2022,264.0,234.0,247.0,269.0,276.0,249.0,306.0,266.0,283.0,277.0,255.0,200.0,Murder (excl. backlog filings)
2023,214.0,222.0,268.0,296.0,246.0,272.0,296.0,253.0,238.0,258.0,227.0,233.0,Murder (excl. backlog filings)
2024,231.0,240.0,239.0,296.0,259.0,268.0,334.0,468.0,283.0,249.0,211.0,204.0,Murder (excl. backlog filings)
2025,294.0,217.0,239.0,267.0,261.0,249.0,272.0,250.0,229.0,319.0,279.0,277.0,Murder (excl. backlog filings)
2026,287.0,250.0,317.0,288.0,310.0,326.0,298.0,286.0,,,,,Murder (excl. backlog filings)
