unit,Dacoity,Robbery,Murder,Speedy Trial,Riot,Woman & Child Repression,Kidnapping,Police Assault,Burglary,Theft,Other Cases,Arms Act,Explosive Act,Narcotics,Smuggling,cluster,pc1,pc2,cluster_name
BMP,0.0016,0.0049,0.01,0.0075,0.0005,0.1061,0.0051,0.0028,0.0338,0.0531,0.3153,0.0046,0.0009,0.4535,0.0005,2,3.208,-0.9256,Dhaka–Barishal ring
Barishal Range,0.0027,0.0034,0.0141,0.0065,0.0001,0.156,0.0019,0.0019,0.0173,0.0296,0.4977,0.0032,0.0016,0.2634,0.0006,2,1.3373,-1.8448,Dhaka–Barishal ring
CMP,0.0009,0.0143,0.0117,0.0163,0.0003,0.1049,0.0049,0.0049,0.0249,0.0516,0.2818,0.0408,0.0011,0.4355,0.0062,1,1.3914,0.6401,Metro & port belt
Chittagong Range,0.003,0.0065,0.0218,0.0039,0.0002,0.0877,0.0037,0.0037,0.0162,0.0384,0.4,0.0187,0.0014,0.3854,0.0095,1,0.409,0.3176,Metro & port belt
DMP,0.0013,0.0096,0.0103,0.0059,0.0009,0.0823,0.0046,0.0033,0.0266,0.061,0.2721,0.0053,0.0032,0.5076,0.0059,1,2.1023,1.4605,Metro & port belt
Dhaka Range,0.0046,0.009,0.0246,0.0052,0.0001,0.1121,0.0038,0.0037,0.015,0.0423,0.4084,0.0066,0.002,0.3611,0.0015,2,0.8873,-1.3664,Dhaka–Barishal ring
GMP,0.0057,0.0141,0.0233,0.0059,0.0,0.1267,0.0133,0.0059,0.0134,0.0488,0.3175,0.0127,0.0021,0.4081,0.0026,2,-0.2823,-1.9172,Dhaka–Barishal ring
KMP,0.0014,0.0067,0.0118,0.0035,0.0001,0.0882,0.0037,0.0029,0.021,0.0567,0.2118,0.0115,0.001,0.5754,0.0043,1,0.6806,-0.0413,Metro & port belt
Khulna Range,0.0015,0.0049,0.017,0.004,0.0001,0.1022,0.0019,0.0016,0.0112,0.0447,0.4125,0.0092,0.0024,0.3748,0.012,1,-0.5272,0.5411,Metro & port belt
Mymensingh Range,0.0006,0.0026,0.0178,0.0061,0.0,0.1367,0.0026,0.002,0.0058,0.0397,0.4561,0.0024,0.0014,0.3018,0.0244,0,-3.0371,-0.1177,Northern agrarian ranges
RMP,0.0004,0.01,0.0068,0.0015,0.0006,0.0596,0.0047,0.0031,0.0125,0.0307,0.1901,0.004,0.0049,0.6431,0.028,1,0.7326,3.2155,Metro & port belt
RPMP,0.001,0.0037,0.009,0.0077,0.0002,0.1107,0.0092,0.0015,0.0084,0.0804,0.373,0.0047,0.0004,0.3893,0.0007,2,2.3137,-1.2015,Dhaka–Barishal ring
Rajshahi Range,0.0011,0.0045,0.0153,0.0029,0.0,0.1059,0.0017,0.002,0.0038,0.0321,0.3355,0.0112,0.0038,0.4544,0.0258,0,-3.5517,-0.1768,Northern agrarian ranges
Rangpur Range,0.0007,0.0025,0.0145,0.0013,0.0,0.1405,0.0023,0.0017,0.0084,0.0421,0.4868,0.0012,0.0002,0.2817,0.0161,0,-3.0507,-0.9039,Northern agrarian ranges
SMP,0.0016,0.0064,0.0123,0.0326,0.0003,0.1044,0.0033,0.0092,0.0223,0.0656,0.388,0.0053,0.0043,0.2859,0.0584,1,-0.2633,2.1396,Metro & port belt
Sylhet Range,0.0025,0.0052,0.0241,0.0037,0.0,0.1035,0.0019,0.0046,0.0075,0.0613,0.509,0.0034,0.0005,0.2301,0.0427,0,-2.3499,0.1807,Northern agrarian ranges
