head_a,head_b,rho,period
Arms Act,Arms Act,1.0,Whole period (Jan 2019 – Aug 2026)
Arms Act,Narcotics,0.4428,Whole period (Jan 2019 – Aug 2026)
Arms Act,Smuggling,0.4051,Whole period (Jan 2019 – Aug 2026)
Arms Act,Police Assault,-0.0172,Whole period (Jan 2019 – Aug 2026)
Arms Act,Speedy Trial,-0.4127,Whole period (Jan 2019 – Aug 2026)
Arms Act,Riot,-0.1281,Whole period (Jan 2019 – Aug 2026)
Arms Act,Explosive Act,-0.2462,Whole period (Jan 2019 – Aug 2026)
Arms Act,Burglary,-0.0172,Whole period (Jan 2019 – Aug 2026)
Arms Act,Robbery,-0.1421,Whole period (Jan 2019 – Aug 2026)
Arms Act,Dacoity,0.0058,Whole period (Jan 2019 – Aug 2026)
Arms Act,Kidnapping,0.1609,Whole period (Jan 2019 – Aug 2026)
Arms Act,Theft,-0.227,Whole period (Jan 2019 – Aug 2026)
Arms Act,Other Cases,-0.1494,Whole period (Jan 2019 – Aug 2026)
Arms Act,Murder,0.2147,Whole period (Jan 2019 – Aug 2026)
Arms Act,Woman & Child Repression,0.2452,Whole period (Jan 2019 – Aug 2026)
Narcotics,Arms Act,0.4428,Whole period (Jan 2019 – Aug 2026)
Narcotics,Narcotics,1.0,Whole period (Jan 2019 – Aug 2026)
Narcotics,Smuggling,0.6937,Whole period (Jan 2019 – Aug 2026)
Narcotics,Police Assault,0.019,Whole period (Jan 2019 – Aug 2026)
Narcotics,Speedy Trial,-0.2286,Whole period (Jan 2019 – Aug 2026)
Narcotics,Riot,-0.3764,Whole period (Jan 2019 – Aug 2026)
Narcotics,Explosive Act,-0.3651,Whole period (Jan 2019 – Aug 2026)
Narcotics,Burglary,-0.0736,Whole period (Jan 2019 – Aug 2026)
Narcotics,Robbery,-0.4356,Whole period (Jan 2019 – Aug 2026)
Narcotics,Dacoity,-0.3209,Whole period (Jan 2019 – Aug 2026)
Narcotics,Kidnapping,-0.2463,Whole period (Jan 2019 – Aug 2026)
Narcotics,Theft,-0.1113,Whole period (Jan 2019 – Aug 2026)
Narcotics,Other Cases,-0.2686,Whole period (Jan 2019 – Aug 2026)
Narcotics,Murder,-0.0881,Whole period (Jan 2019 – Aug 2026)
Narcotics,Woman & Child Repression,0.3251,Whole period (Jan 2019 – Aug 2026)
Smuggling,Arms Act,0.4051,Whole period (Jan 2019 – Aug 2026)
Smuggling,Narcotics,0.6937,Whole period (Jan 2019 – Aug 2026)
Smuggling,Smuggling,1.0,Whole period (Jan 2019 – Aug 2026)
Smuggling,Police Assault,-0.0314,Whole period (Jan 2019 – Aug 2026)
Smuggling,Speedy Trial,-0.3186,Whole period (Jan 2019 – Aug 2026)
Smuggling,Riot,-0.1757,Whole period (Jan 2019 – Aug 2026)
Smuggling,Explosive Act,-0.248,Whole period (Jan 2019 – Aug 2026)
Smuggling,Burglary,0.1755,Whole period (Jan 2019 – Aug 2026)
Smuggling,Robbery,-0.1491,Whole period (Jan 2019 – Aug 2026)
Smuggling,Dacoity,-0.1005,Whole period (Jan 2019 – Aug 2026)
Smuggling,Kidnapping,0.1424,Whole period (Jan 2019 – Aug 2026)
Smuggling,Theft,-0.0259,Whole period (Jan 2019 – Aug 2026)
Smuggling,Other Cases,-0.1617,Whole period (Jan 2019 – Aug 2026)
Smuggling,Murder,0.0861,Whole period (Jan 2019 – Aug 2026)
Smuggling,Woman & Child Repression,0.3827,Whole period (Jan 2019 – Aug 2026)
Police Assault,Arms Act,-0.0172,Whole period (Jan 2019 – Aug 2026)
Police Assault,Narcotics,0.019,Whole period (Jan 2019 – Aug 2026)
Police Assault,Smuggling,-0.0314,Whole period (Jan 2019 – Aug 2026)
Police Assault,Police Assault,1.0,Whole period (Jan 2019 – Aug 2026)
Police Assault,Speedy Trial,0.0796,Whole period (Jan 2019 – Aug 2026)
Police Assault,Riot,0.0704,Whole period (Jan 2019 – Aug 2026)
Police Assault,Explosive Act,0.205,Whole period (Jan 2019 – Aug 2026)
Police Assault,Burglary,-0.1333,Whole period (Jan 2019 – Aug 2026)
Police Assault,Robbery,0.0542,Whole period (Jan 2019 – Aug 2026)
Police Assault,Dacoity,-0.0522,Whole period (Jan 2019 – Aug 2026)
Police Assault,Kidnapping,0.0483,Whole period (Jan 2019 – Aug 2026)
Police Assault,Theft,0.2199,Whole period (Jan 2019 – Aug 2026)
Police Assault,Other Cases,0.3102,Whole period (Jan 2019 – Aug 2026)
Police Assault,Murder,0.0835,Whole period (Jan 2019 – Aug 2026)
Police Assault,Woman & Child Repression,0.0674,Whole period (Jan 2019 – Aug 2026)
Speedy Trial,Arms Act,-0.4127,Whole period (Jan 2019 – Aug 2026)
Speedy Trial,Narcotics,-0.2286,Whole period (Jan 2019 – Aug 2026)
Speedy Trial,Smuggling,-0.3186,Whole period (Jan 2019 – Aug 2026)
Speedy Trial,Police Assault,0.0796,Whole period (Jan 2019 – Aug 2026)
Speedy Trial,Speedy Trial,1.0,Whole period (Jan 2019 – Aug 2026)
Speedy Trial,Riot,0.1101,Whole period (Jan 2019 – Aug 2026)
Speedy Trial,Explosive Act,0.229,Whole period (Jan 2019 – Aug 2026)
Speedy Trial,Burglary,0.0929,Whole period (Jan 2019 – Aug 2026)
Speedy Trial,Robbery,0.1751,Whole period (Jan 2019 – Aug 2026)
Speedy Trial,Dacoity,0.0284,Whole period (Jan 2019 – Aug 2026)
Speedy Trial,Kidnapping,-0.0809,Whole period (Jan 2019 – Aug 2026)
Speedy Trial,Theft,0.3981,Whole period (Jan 2019 – Aug 2026)
Speedy Trial,Other Cases,0.3328,Whole period (Jan 2019 – Aug 2026)
Speedy Trial,Murder,-0.1692,Whole period (Jan 2019 – Aug 2026)
Speedy Trial,Woman & Child Repression,0.0131,Whole period (Jan 2019 – Aug 2026)
Riot,Arms Act,-0.1281,Whole period (Jan 2019 – Aug 2026)
Riot,Narcotics,-0.3764,Whole period (Jan 2019 – Aug 2026)
Riot,Smuggling,-0.1757,Whole period (Jan 2019 – Aug 2026)
Riot,Police Assault,0.0704,Whole period (Jan 2019 – Aug 2026)
Riot,Speedy Trial,0.1101,Whole period (Jan 2019 – Aug 2026)
Riot,Riot,1.0,Whole period (Jan 2019 – Aug 2026)
Riot,Explosive Act,0.3991,Whole period (Jan 2019 – Aug 2026)
Riot,Burglary,0.1269,Whole period (Jan 2019 – Aug 2026)
Riot,Robbery,0.3023,Whole period (Jan 2019 – Aug 2026)
Riot,Dacoity,0.3516,Whole period (Jan 2019 – Aug 2026)
Riot,Kidnapping,0.27,Whole period (Jan 2019 – Aug 2026)
Riot,Theft,0.1452,Whole period (Jan 2019 – Aug 2026)
Riot,Other Cases,0.1343,Whole period (Jan 2019 – Aug 2026)
Riot,Murder,0.0564,Whole period (Jan 2019 – Aug 2026)
Riot,Woman & Child Repression,-0.0603,Whole period (Jan 2019 – Aug 2026)
Explosive Act,Arms Act,-0.2462,Whole period (Jan 2019 – Aug 2026)
Explosive Act,Narcotics,-0.3651,Whole period (Jan 2019 – Aug 2026)
Explosive Act,Smuggling,-0.248,Whole period (Jan 2019 – Aug 2026)
Explosive Act,Police Assault,0.205,Whole period (Jan 2019 – Aug 2026)
Explosive Act,Speedy Trial,0.229,Whole period (Jan 2019 – Aug 2026)
Explosive Act,Riot,0.3991,Whole period (Jan 2019 – Aug 2026)
Explosive Act,Explosive Act,1.0,Whole period (Jan 2019 – Aug 2026)
Explosive Act,Burglary,0.0274,Whole period (Jan 2019 – Aug 2026)
Explosive Act,Robbery,0.2961,Whole period (Jan 2019 – Aug 2026)
Explosive Act,Dacoity,0.2177,Whole period (Jan 2019 – Aug 2026)
Explosive Act,Kidnapping,0.094,Whole period (Jan 2019 – Aug 2026)
Explosive Act,Theft,0.2267,Whole period (Jan 2019 – Aug 2026)
Explosive Act,Other Cases,-0.0578,Whole period (Jan 2019 – Aug 2026)
Explosive Act,Murder,-0.2784,Whole period (Jan 2019 – Aug 2026)
Explosive Act,Woman & Child Repression,-0.3824,Whole period (Jan 2019 – Aug 2026)
Burglary,Arms Act,-0.0172,Whole period (Jan 2019 – Aug 2026)
Burglary,Narcotics,-0.0736,Whole period (Jan 2019 – Aug 2026)
Burglary,Smuggling,0.1755,Whole period (Jan 2019 – Aug 2026)
Burglary,Police Assault,-0.1333,Whole period (Jan 2019 – Aug 2026)
Burglary,Speedy Trial,0.0929,Whole period (Jan 2019 – Aug 2026)
Burglary,Riot,0.1269,Whole period (Jan 2019 – Aug 2026)
Burglary,Explosive Act,0.0274,Whole period (Jan 2019 – Aug 2026)
Burglary,Burglary,1.0,Whole period (Jan 2019 – Aug 2026)
Burglary,Robbery,0.5291,Whole period (Jan 2019 – Aug 2026)
Burglary,Dacoity,0.5586,Whole period (Jan 2019 – Aug 2026)
Burglary,Kidnapping,0.5259,Whole period (Jan 2019 – Aug 2026)
Burglary,Theft,0.5797,Whole period (Jan 2019 – Aug 2026)
Burglary,Other Cases,0.3121,Whole period (Jan 2019 – Aug 2026)
Burglary,Murder,0.154,Whole period (Jan 2019 – Aug 2026)
Burglary,Woman & Child Repression,0.5155,Whole period (Jan 2019 – Aug 2026)
Robbery,Arms Act,-0.1421,Whole period (Jan 2019 – Aug 2026)
Robbery,Narcotics,-0.4356,Whole period (Jan 2019 – Aug 2026)
Robbery,Smuggling,-0.1491,Whole period (Jan 2019 – Aug 2026)
Robbery,Police Assault,0.0542,Whole period (Jan 2019 – Aug 2026)
Robbery,Speedy Trial,0.1751,Whole period (Jan 2019 – Aug 2026)
Robbery,Riot,0.3023,Whole period (Jan 2019 – Aug 2026)
Robbery,Explosive Act,0.2961,Whole period (Jan 2019 – Aug 2026)
Robbery,Burglary,0.5291,Whole period (Jan 2019 – Aug 2026)
Robbery,Robbery,1.0,Whole period (Jan 2019 – Aug 2026)
Robbery,Dacoity,0.6587,Whole period (Jan 2019 – Aug 2026)
Robbery,Kidnapping,0.6487,Whole period (Jan 2019 – Aug 2026)
Robbery,Theft,0.6837,Whole period (Jan 2019 – Aug 2026)
Robbery,Other Cases,0.4926,Whole period (Jan 2019 – Aug 2026)
Robbery,Murder,0.109,Whole period (Jan 2019 – Aug 2026)
Robbery,Woman & Child Repression,0.1465,Whole period (Jan 2019 – Aug 2026)
Dacoity,Arms Act,0.0058,Whole period (Jan 2019 – Aug 2026)
Dacoity,Narcotics,-0.3209,Whole period (Jan 2019 – Aug 2026)
Dacoity,Smuggling,-0.1005,Whole period (Jan 2019 – Aug 2026)
Dacoity,Police Assault,-0.0522,Whole period (Jan 2019 – Aug 2026)
Dacoity,Speedy Trial,0.0284,Whole period (Jan 2019 – Aug 2026)
Dacoity,Riot,0.3516,Whole period (Jan 2019 – Aug 2026)
Dacoity,Explosive Act,0.2177,Whole period (Jan 2019 – Aug 2026)
Dacoity,Burglary,0.5586,Whole period (Jan 2019 – Aug 2026)
Dacoity,Robbery,0.6587,Whole period (Jan 2019 – Aug 2026)
Dacoity,Dacoity,1.0,Whole period (Jan 2019 – Aug 2026)
Dacoity,Kidnapping,0.6583,Whole period (Jan 2019 – Aug 2026)
Dacoity,Theft,0.3494,Whole period (Jan 2019 – Aug 2026)
Dacoity,Other Cases,0.2395,Whole period (Jan 2019 – Aug 2026)
Dacoity,Murder,0.1955,Whole period (Jan 2019 – Aug 2026)
Dacoity,Woman & Child Repression,0.1794,Whole period (Jan 2019 – Aug 2026)
Kidnapping,Arms Act,0.1609,Whole period (Jan 2019 – Aug 2026)
Kidnapping,Narcotics,-0.2463,Whole period (Jan 2019 – Aug 2026)
Kidnapping,Smuggling,0.1424,Whole period (Jan 2019 – Aug 2026)
Kidnapping,Police Assault,0.0483,Whole period (Jan 2019 – Aug 2026)
Kidnapping,Speedy Trial,-0.0809,Whole period (Jan 2019 – Aug 2026)
Kidnapping,Riot,0.27,Whole period (Jan 2019 – Aug 2026)
Kidnapping,Explosive Act,0.094,Whole period (Jan 2019 – Aug 2026)
Kidnapping,Burglary,0.5259,Whole period (Jan 2019 – Aug 2026)
Kidnapping,Robbery,0.6487,Whole period (Jan 2019 – Aug 2026)
Kidnapping,Dacoity,0.6583,Whole period (Jan 2019 – Aug 2026)
Kidnapping,Kidnapping,1.0,Whole period (Jan 2019 – Aug 2026)
Kidnapping,Theft,0.3236,Whole period (Jan 2019 – Aug 2026)
Kidnapping,Other Cases,0.4099,Whole period (Jan 2019 – Aug 2026)
Kidnapping,Murder,0.3197,Whole period (Jan 2019 – Aug 2026)
Kidnapping,Woman & Child Repression,0.2912,Whole period (Jan 2019 – Aug 2026)
Theft,Arms Act,-0.227,Whole period (Jan 2019 – Aug 2026)
Theft,Narcotics,-0.1113,Whole period (Jan 2019 – Aug 2026)
Theft,Smuggling,-0.0259,Whole period (Jan 2019 – Aug 2026)
Theft,Police Assault,0.2199,Whole period (Jan 2019 – Aug 2026)
Theft,Speedy Trial,0.3981,Whole period (Jan 2019 – Aug 2026)
Theft,Riot,0.1452,Whole period (Jan 2019 – Aug 2026)
Theft,Explosive Act,0.2267,Whole period (Jan 2019 – Aug 2026)
Theft,Burglary,0.5797,Whole period (Jan 2019 – Aug 2026)
Theft,Robbery,0.6837,Whole period (Jan 2019 – Aug 2026)
Theft,Dacoity,0.3494,Whole period (Jan 2019 – Aug 2026)
Theft,Kidnapping,0.3236,Whole period (Jan 2019 – Aug 2026)
Theft,Theft,1.0,Whole period (Jan 2019 – Aug 2026)
Theft,Other Cases,0.4668,Whole period (Jan 2019 – Aug 2026)
Theft,Murder,-0.0758,Whole period (Jan 2019 – Aug 2026)
Theft,Woman & Child Repression,0.3021,Whole period (Jan 2019 – Aug 2026)
Other Cases,Arms Act,-0.1494,Whole period (Jan 2019 – Aug 2026)
Other Cases,Narcotics,-0.2686,Whole period (Jan 2019 – Aug 2026)
Other Cases,Smuggling,-0.1617,Whole period (Jan 2019 – Aug 2026)
Other Cases,Police Assault,0.3102,Whole period (Jan 2019 – Aug 2026)
Other Cases,Speedy Trial,0.3328,Whole period (Jan 2019 – Aug 2026)
Other Cases,Riot,0.1343,Whole period (Jan 2019 – Aug 2026)
Other Cases,Explosive Act,-0.0578,Whole period (Jan 2019 – Aug 2026)
Other Cases,Burglary,0.3121,Whole period (Jan 2019 – Aug 2026)
Other Cases,Robbery,0.4926,Whole period (Jan 2019 – Aug 2026)
Other Cases,Dacoity,0.2395,Whole period (Jan 2019 – Aug 2026)
Other Cases,Kidnapping,0.4099,Whole period (Jan 2019 – Aug 2026)
Other Cases,Theft,0.4668,Whole period (Jan 2019 – Aug 2026)
Other Cases,Other Cases,1.0,Whole period (Jan 2019 – Aug 2026)
Other Cases,Murder,0.3683,Whole period (Jan 2019 – Aug 2026)
Other Cases,Woman & Child Repression,0.4343,Whole period (Jan 2019 – Aug 2026)
Murder,Arms Act,0.2147,Whole period (Jan 2019 – Aug 2026)
Murder,Narcotics,-0.0881,Whole period (Jan 2019 – Aug 2026)
Murder,Smuggling,0.0861,Whole period (Jan 2019 – Aug 2026)
Murder,Police Assault,0.0835,Whole period (Jan 2019 – Aug 2026)
Murder,Speedy Trial,-0.1692,Whole period (Jan 2019 – Aug 2026)
Murder,Riot,0.0564,Whole period (Jan 2019 – Aug 2026)
Murder,Explosive Act,-0.2784,Whole period (Jan 2019 – Aug 2026)
Murder,Burglary,0.154,Whole period (Jan 2019 – Aug 2026)
Murder,Robbery,0.109,Whole period (Jan 2019 – Aug 2026)
Murder,Dacoity,0.1955,Whole period (Jan 2019 – Aug 2026)
Murder,Kidnapping,0.3197,Whole period (Jan 2019 – Aug 2026)
Murder,Theft,-0.0758,Whole period (Jan 2019 – Aug 2026)
Murder,Other Cases,0.3683,Whole period (Jan 2019 – Aug 2026)
Murder,Murder,1.0,Whole period (Jan 2019 – Aug 2026)
Murder,Woman & Child Repression,0.39,Whole period (Jan 2019 – Aug 2026)
Woman & Child Repression,Arms Act,0.2452,Whole period (Jan 2019 – Aug 2026)
Woman & Child Repression,Narcotics,0.3251,Whole period (Jan 2019 – Aug 2026)
Woman & Child Repression,Smuggling,0.3827,Whole period (Jan 2019 – Aug 2026)
Woman & Child Repression,Police Assault,0.0674,Whole period (Jan 2019 – Aug 2026)
Woman & Child Repression,Speedy Trial,0.0131,Whole period (Jan 2019 – Aug 2026)
Woman & Child Repression,Riot,-0.0603,Whole period (Jan 2019 – Aug 2026)
Woman & Child Repression,Explosive Act,-0.3824,Whole period (Jan 2019 – Aug 2026)
Woman & Child Repression,Burglary,0.5155,Whole period (Jan 2019 – Aug 2026)
Woman & Child Repression,Robbery,0.1465,Whole period (Jan 2019 – Aug 2026)
Woman & Child Repression,Dacoity,0.1794,Whole period (Jan 2019 – Aug 2026)
Woman & Child Repression,Kidnapping,0.2912,Whole period (Jan 2019 – Aug 2026)
Woman & Child Repression,Theft,0.3021,Whole period (Jan 2019 – Aug 2026)
Woman & Child Repression,Other Cases,0.4343,Whole period (Jan 2019 – Aug 2026)
Woman & Child Repression,Murder,0.39,Whole period (Jan 2019 – Aug 2026)
Woman & Child Repression,Woman & Child Repression,1.0,Whole period (Jan 2019 – Aug 2026)
Arms Act,Arms Act,1.0,Before the break (Jan 2019 – Jul 2024)
Arms Act,Narcotics,0.7247,Before the break (Jan 2019 – Jul 2024)
Arms Act,Smuggling,0.5218,Before the break (Jan 2019 – Jul 2024)
Arms Act,Police Assault,-0.0363,Before the break (Jan 2019 – Jul 2024)
Arms Act,Speedy Trial,-0.3978,Before the break (Jan 2019 – Jul 2024)
Arms Act,Riot,-0.0901,Before the break (Jan 2019 – Jul 2024)
Arms Act,Explosive Act,-0.3095,Before the break (Jan 2019 – Jul 2024)
Arms Act,Burglary,-0.1049,Before the break (Jan 2019 – Jul 2024)
Arms Act,Robbery,-0.3637,Before the break (Jan 2019 – Jul 2024)
Arms Act,Dacoity,-0.0346,Before the break (Jan 2019 – Jul 2024)
Arms Act,Kidnapping,0.1591,Before the break (Jan 2019 – Jul 2024)
Arms Act,Theft,-0.3642,Before the break (Jan 2019 – Jul 2024)
Arms Act,Other Cases,-0.2519,Before the break (Jan 2019 – Jul 2024)
Arms Act,Murder,0.256,Before the break (Jan 2019 – Jul 2024)
Arms Act,Woman & Child Repression,0.2769,Before the break (Jan 2019 – Jul 2024)
Narcotics,Arms Act,0.7247,Before the break (Jan 2019 – Jul 2024)
Narcotics,Narcotics,1.0,Before the break (Jan 2019 – Jul 2024)
Narcotics,Smuggling,0.7458,Before the break (Jan 2019 – Jul 2024)
Narcotics,Police Assault,-0.056,Before the break (Jan 2019 – Jul 2024)
Narcotics,Speedy Trial,-0.4078,Before the break (Jan 2019 – Jul 2024)
Narcotics,Riot,-0.1177,Before the break (Jan 2019 – Jul 2024)
Narcotics,Explosive Act,-0.1549,Before the break (Jan 2019 – Jul 2024)
Narcotics,Burglary,0.059,Before the break (Jan 2019 – Jul 2024)
Narcotics,Robbery,-0.2073,Before the break (Jan 2019 – Jul 2024)
Narcotics,Dacoity,0.2534,Before the break (Jan 2019 – Jul 2024)
Narcotics,Kidnapping,0.238,Before the break (Jan 2019 – Jul 2024)
Narcotics,Theft,-0.1556,Before the break (Jan 2019 – Jul 2024)
Narcotics,Other Cases,-0.3069,Before the break (Jan 2019 – Jul 2024)
Narcotics,Murder,0.1278,Before the break (Jan 2019 – Jul 2024)
Narcotics,Woman & Child Repression,0.3226,Before the break (Jan 2019 – Jul 2024)
Smuggling,Arms Act,0.5218,Before the break (Jan 2019 – Jul 2024)
Smuggling,Narcotics,0.7458,Before the break (Jan 2019 – Jul 2024)
Smuggling,Smuggling,1.0,Before the break (Jan 2019 – Jul 2024)
Smuggling,Police Assault,-0.1215,Before the break (Jan 2019 – Jul 2024)
Smuggling,Speedy Trial,-0.4005,Before the break (Jan 2019 – Jul 2024)
Smuggling,Riot,-0.0115,Before the break (Jan 2019 – Jul 2024)
Smuggling,Explosive Act,-0.1219,Before the break (Jan 2019 – Jul 2024)
Smuggling,Burglary,0.1977,Before the break (Jan 2019 – Jul 2024)
Smuggling,Robbery,-0.0871,Before the break (Jan 2019 – Jul 2024)
Smuggling,Dacoity,0.1468,Before the break (Jan 2019 – Jul 2024)
Smuggling,Kidnapping,0.4476,Before the break (Jan 2019 – Jul 2024)
Smuggling,Theft,-0.1597,Before the break (Jan 2019 – Jul 2024)
Smuggling,Other Cases,-0.2328,Before the break (Jan 2019 – Jul 2024)
Smuggling,Murder,0.2678,Before the break (Jan 2019 – Jul 2024)
Smuggling,Woman & Child Repression,0.3748,Before the break (Jan 2019 – Jul 2024)
Police Assault,Arms Act,-0.0363,Before the break (Jan 2019 – Jul 2024)
Police Assault,Narcotics,-0.056,Before the break (Jan 2019 – Jul 2024)
Police Assault,Smuggling,-0.1215,Before the break (Jan 2019 – Jul 2024)
Police Assault,Police Assault,1.0,Before the break (Jan 2019 – Jul 2024)
Police Assault,Speedy Trial,0.1047,Before the break (Jan 2019 – Jul 2024)
Police Assault,Riot,0.0932,Before the break (Jan 2019 – Jul 2024)
Police Assault,Explosive Act,0.3934,Before the break (Jan 2019 – Jul 2024)
Police Assault,Burglary,-0.222,Before the break (Jan 2019 – Jul 2024)
Police Assault,Robbery,0.0134,Before the break (Jan 2019 – Jul 2024)
Police Assault,Dacoity,-0.045,Before the break (Jan 2019 – Jul 2024)
Police Assault,Kidnapping,0.045,Before the break (Jan 2019 – Jul 2024)
Police Assault,Theft,0.1322,Before the break (Jan 2019 – Jul 2024)
Police Assault,Other Cases,0.2425,Before the break (Jan 2019 – Jul 2024)
Police Assault,Murder,-0.019,Before the break (Jan 2019 – Jul 2024)
Police Assault,Woman & Child Repression,-0.0842,Before the break (Jan 2019 – Jul 2024)
Speedy Trial,Arms Act,-0.3978,Before the break (Jan 2019 – Jul 2024)
Speedy Trial,Narcotics,-0.4078,Before the break (Jan 2019 – Jul 2024)
Speedy Trial,Smuggling,-0.4005,Before the break (Jan 2019 – Jul 2024)
Speedy Trial,Police Assault,0.1047,Before the break (Jan 2019 – Jul 2024)
Speedy Trial,Speedy Trial,1.0,Before the break (Jan 2019 – Jul 2024)
Speedy Trial,Riot,0.1224,Before the break (Jan 2019 – Jul 2024)
Speedy Trial,Explosive Act,0.2395,Before the break (Jan 2019 – Jul 2024)
Speedy Trial,Burglary,0.2461,Before the break (Jan 2019 – Jul 2024)
Speedy Trial,Robbery,0.5206,Before the break (Jan 2019 – Jul 2024)
Speedy Trial,Dacoity,0.1708,Before the break (Jan 2019 – Jul 2024)
Speedy Trial,Kidnapping,0.0764,Before the break (Jan 2019 – Jul 2024)
Speedy Trial,Theft,0.6327,Before the break (Jan 2019 – Jul 2024)
Speedy Trial,Other Cases,0.5068,Before the break (Jan 2019 – Jul 2024)
Speedy Trial,Murder,-0.1242,Before the break (Jan 2019 – Jul 2024)
Speedy Trial,Woman & Child Repression,0.0889,Before the break (Jan 2019 – Jul 2024)
Riot,Arms Act,-0.0901,Before the break (Jan 2019 – Jul 2024)
Riot,Narcotics,-0.1177,Before the break (Jan 2019 – Jul 2024)
Riot,Smuggling,-0.0115,Before the break (Jan 2019 – Jul 2024)
Riot,Police Assault,0.0932,Before the break (Jan 2019 – Jul 2024)
Riot,Speedy Trial,0.1224,Before the break (Jan 2019 – Jul 2024)
Riot,Riot,1.0,Before the break (Jan 2019 – Jul 2024)
Riot,Explosive Act,0.2739,Before the break (Jan 2019 – Jul 2024)
Riot,Burglary,0.053,Before the break (Jan 2019 – Jul 2024)
Riot,Robbery,-0.0004,Before the break (Jan 2019 – Jul 2024)
Riot,Dacoity,-0.0061,Before the break (Jan 2019 – Jul 2024)
Riot,Kidnapping,-0.0102,Before the break (Jan 2019 – Jul 2024)
Riot,Theft,0.1304,Before the break (Jan 2019 – Jul 2024)
Riot,Other Cases,-0.0567,Before the break (Jan 2019 – Jul 2024)
Riot,Murder,-0.1541,Before the break (Jan 2019 – Jul 2024)
Riot,Woman & Child Repression,-0.1261,Before the break (Jan 2019 – Jul 2024)
Explosive Act,Arms Act,-0.3095,Before the break (Jan 2019 – Jul 2024)
Explosive Act,Narcotics,-0.1549,Before the break (Jan 2019 – Jul 2024)
Explosive Act,Smuggling,-0.1219,Before the break (Jan 2019 – Jul 2024)
Explosive Act,Police Assault,0.3934,Before the break (Jan 2019 – Jul 2024)
Explosive Act,Speedy Trial,0.2395,Before the break (Jan 2019 – Jul 2024)
Explosive Act,Riot,0.2739,Before the break (Jan 2019 – Jul 2024)
Explosive Act,Explosive Act,1.0,Before the break (Jan 2019 – Jul 2024)
Explosive Act,Burglary,0.0206,Before the break (Jan 2019 – Jul 2024)
Explosive Act,Robbery,0.2809,Before the break (Jan 2019 – Jul 2024)
Explosive Act,Dacoity,-0.01,Before the break (Jan 2019 – Jul 2024)
Explosive Act,Kidnapping,-0.1168,Before the break (Jan 2019 – Jul 2024)
Explosive Act,Theft,0.3976,Before the break (Jan 2019 – Jul 2024)
Explosive Act,Other Cases,-0.065,Before the break (Jan 2019 – Jul 2024)
Explosive Act,Murder,-0.4663,Before the break (Jan 2019 – Jul 2024)
Explosive Act,Woman & Child Repression,-0.3479,Before the break (Jan 2019 – Jul 2024)
Burglary,Arms Act,-0.1049,Before the break (Jan 2019 – Jul 2024)
Burglary,Narcotics,0.059,Before the break (Jan 2019 – Jul 2024)
Burglary,Smuggling,0.1977,Before the break (Jan 2019 – Jul 2024)
Burglary,Police Assault,-0.222,Before the break (Jan 2019 – Jul 2024)
Burglary,Speedy Trial,0.2461,Before the break (Jan 2019 – Jul 2024)
Burglary,Riot,0.053,Before the break (Jan 2019 – Jul 2024)
Burglary,Explosive Act,0.0206,Before the break (Jan 2019 – Jul 2024)
Burglary,Burglary,1.0,Before the break (Jan 2019 – Jul 2024)
Burglary,Robbery,0.3369,Before the break (Jan 2019 – Jul 2024)
Burglary,Dacoity,0.4999,Before the break (Jan 2019 – Jul 2024)
Burglary,Kidnapping,0.2781,Before the break (Jan 2019 – Jul 2024)
Burglary,Theft,0.4684,Before the break (Jan 2019 – Jul 2024)
Burglary,Other Cases,0.1615,Before the break (Jan 2019 – Jul 2024)
Burglary,Murder,0.0447,Before the break (Jan 2019 – Jul 2024)
Burglary,Woman & Child Repression,0.584,Before the break (Jan 2019 – Jul 2024)
Robbery,Arms Act,-0.3637,Before the break (Jan 2019 – Jul 2024)
Robbery,Narcotics,-0.2073,Before the break (Jan 2019 – Jul 2024)
Robbery,Smuggling,-0.0871,Before the break (Jan 2019 – Jul 2024)
Robbery,Police Assault,0.0134,Before the break (Jan 2019 – Jul 2024)
Robbery,Speedy Trial,0.5206,Before the break (Jan 2019 – Jul 2024)
Robbery,Riot,-0.0004,Before the break (Jan 2019 – Jul 2024)
Robbery,Explosive Act,0.2809,Before the break (Jan 2019 – Jul 2024)
Robbery,Burglary,0.3369,Before the break (Jan 2019 – Jul 2024)
Robbery,Robbery,1.0,Before the break (Jan 2019 – Jul 2024)
Robbery,Dacoity,0.2637,Before the break (Jan 2019 – Jul 2024)
Robbery,Kidnapping,0.1679,Before the break (Jan 2019 – Jul 2024)
Robbery,Theft,0.7497,Before the break (Jan 2019 – Jul 2024)
Robbery,Other Cases,0.4082,Before the break (Jan 2019 – Jul 2024)
Robbery,Murder,-0.1803,Before the break (Jan 2019 – Jul 2024)
Robbery,Woman & Child Repression,0.1154,Before the break (Jan 2019 – Jul 2024)
Dacoity,Arms Act,-0.0346,Before the break (Jan 2019 – Jul 2024)
Dacoity,Narcotics,0.2534,Before the break (Jan 2019 – Jul 2024)
Dacoity,Smuggling,0.1468,Before the break (Jan 2019 – Jul 2024)
Dacoity,Police Assault,-0.045,Before the break (Jan 2019 – Jul 2024)
Dacoity,Speedy Trial,0.1708,Before the break (Jan 2019 – Jul 2024)
Dacoity,Riot,-0.0061,Before the break (Jan 2019 – Jul 2024)
Dacoity,Explosive Act,-0.01,Before the break (Jan 2019 – Jul 2024)
Dacoity,Burglary,0.4999,Before the break (Jan 2019 – Jul 2024)
Dacoity,Robbery,0.2637,Before the break (Jan 2019 – Jul 2024)
Dacoity,Dacoity,1.0,Before the break (Jan 2019 – Jul 2024)
Dacoity,Kidnapping,0.2691,Before the break (Jan 2019 – Jul 2024)
Dacoity,Theft,0.2856,Before the break (Jan 2019 – Jul 2024)
Dacoity,Other Cases,0.0429,Before the break (Jan 2019 – Jul 2024)
Dacoity,Murder,-0.0109,Before the break (Jan 2019 – Jul 2024)
Dacoity,Woman & Child Repression,0.3249,Before the break (Jan 2019 – Jul 2024)
Kidnapping,Arms Act,0.1591,Before the break (Jan 2019 – Jul 2024)
Kidnapping,Narcotics,0.238,Before the break (Jan 2019 – Jul 2024)
Kidnapping,Smuggling,0.4476,Before the break (Jan 2019 – Jul 2024)
Kidnapping,Police Assault,0.045,Before the break (Jan 2019 – Jul 2024)
Kidnapping,Speedy Trial,0.0764,Before the break (Jan 2019 – Jul 2024)
Kidnapping,Riot,-0.0102,Before the break (Jan 2019 – Jul 2024)
Kidnapping,Explosive Act,-0.1168,Before the break (Jan 2019 – Jul 2024)
Kidnapping,Burglary,0.2781,Before the break (Jan 2019 – Jul 2024)
Kidnapping,Robbery,0.1679,Before the break (Jan 2019 – Jul 2024)
Kidnapping,Dacoity,0.2691,Before the break (Jan 2019 – Jul 2024)
Kidnapping,Kidnapping,1.0,Before the break (Jan 2019 – Jul 2024)
Kidnapping,Theft,0.0754,Before the break (Jan 2019 – Jul 2024)
Kidnapping,Other Cases,0.2435,Before the break (Jan 2019 – Jul 2024)
Kidnapping,Murder,0.2125,Before the break (Jan 2019 – Jul 2024)
Kidnapping,Woman & Child Repression,0.3996,Before the break (Jan 2019 – Jul 2024)
Theft,Arms Act,-0.3642,Before the break (Jan 2019 – Jul 2024)
Theft,Narcotics,-0.1556,Before the break (Jan 2019 – Jul 2024)
Theft,Smuggling,-0.1597,Before the break (Jan 2019 – Jul 2024)
Theft,Police Assault,0.1322,Before the break (Jan 2019 – Jul 2024)
Theft,Speedy Trial,0.6327,Before the break (Jan 2019 – Jul 2024)
Theft,Riot,0.1304,Before the break (Jan 2019 – Jul 2024)
Theft,Explosive Act,0.3976,Before the break (Jan 2019 – Jul 2024)
Theft,Burglary,0.4684,Before the break (Jan 2019 – Jul 2024)
Theft,Robbery,0.7497,Before the break (Jan 2019 – Jul 2024)
Theft,Dacoity,0.2856,Before the break (Jan 2019 – Jul 2024)
Theft,Kidnapping,0.0754,Before the break (Jan 2019 – Jul 2024)
Theft,Theft,1.0,Before the break (Jan 2019 – Jul 2024)
Theft,Other Cases,0.3991,Before the break (Jan 2019 – Jul 2024)
Theft,Murder,-0.3102,Before the break (Jan 2019 – Jul 2024)
Theft,Woman & Child Repression,0.1852,Before the break (Jan 2019 – Jul 2024)
Other Cases,Arms Act,-0.2519,Before the break (Jan 2019 – Jul 2024)
Other Cases,Narcotics,-0.3069,Before the break (Jan 2019 – Jul 2024)
Other Cases,Smuggling,-0.2328,Before the break (Jan 2019 – Jul 2024)
Other Cases,Police Assault,0.2425,Before the break (Jan 2019 – Jul 2024)
Other Cases,Speedy Trial,0.5068,Before the break (Jan 2019 – Jul 2024)
Other Cases,Riot,-0.0567,Before the break (Jan 2019 – Jul 2024)
Other Cases,Explosive Act,-0.065,Before the break (Jan 2019 – Jul 2024)
Other Cases,Burglary,0.1615,Before the break (Jan 2019 – Jul 2024)
Other Cases,Robbery,0.4082,Before the break (Jan 2019 – Jul 2024)
Other Cases,Dacoity,0.0429,Before the break (Jan 2019 – Jul 2024)
Other Cases,Kidnapping,0.2435,Before the break (Jan 2019 – Jul 2024)
Other Cases,Theft,0.3991,Before the break (Jan 2019 – Jul 2024)
Other Cases,Other Cases,1.0,Before the break (Jan 2019 – Jul 2024)
Other Cases,Murder,0.325,Before the break (Jan 2019 – Jul 2024)
Other Cases,Woman & Child Repression,0.3855,Before the break (Jan 2019 – Jul 2024)
Murder,Arms Act,0.256,Before the break (Jan 2019 – Jul 2024)
Murder,Narcotics,0.1278,Before the break (Jan 2019 – Jul 2024)
Murder,Smuggling,0.2678,Before the break (Jan 2019 – Jul 2024)
Murder,Police Assault,-0.019,Before the break (Jan 2019 – Jul 2024)
Murder,Speedy Trial,-0.1242,Before the break (Jan 2019 – Jul 2024)
Murder,Riot,-0.1541,Before the break (Jan 2019 – Jul 2024)
Murder,Explosive Act,-0.4663,Before the break (Jan 2019 – Jul 2024)
Murder,Burglary,0.0447,Before the break (Jan 2019 – Jul 2024)
Murder,Robbery,-0.1803,Before the break (Jan 2019 – Jul 2024)
Murder,Dacoity,-0.0109,Before the break (Jan 2019 – Jul 2024)
Murder,Kidnapping,0.2125,Before the break (Jan 2019 – Jul 2024)
Murder,Theft,-0.3102,Before the break (Jan 2019 – Jul 2024)
Murder,Other Cases,0.325,Before the break (Jan 2019 – Jul 2024)
Murder,Murder,1.0,Before the break (Jan 2019 – Jul 2024)
Murder,Woman & Child Repression,0.4098,Before the break (Jan 2019 – Jul 2024)
Woman & Child Repression,Arms Act,0.2769,Before the break (Jan 2019 – Jul 2024)
Woman & Child Repression,Narcotics,0.3226,Before the break (Jan 2019 – Jul 2024)
Woman & Child Repression,Smuggling,0.3748,Before the break (Jan 2019 – Jul 2024)
Woman & Child Repression,Police Assault,-0.0842,Before the break (Jan 2019 – Jul 2024)
Woman & Child Repression,Speedy Trial,0.0889,Before the break (Jan 2019 – Jul 2024)
Woman & Child Repression,Riot,-0.1261,Before the break (Jan 2019 – Jul 2024)
Woman & Child Repression,Explosive Act,-0.3479,Before the break (Jan 2019 – Jul 2024)
Woman & Child Repression,Burglary,0.584,Before the break (Jan 2019 – Jul 2024)
Woman & Child Repression,Robbery,0.1154,Before the break (Jan 2019 – Jul 2024)
Woman & Child Repression,Dacoity,0.3249,Before the break (Jan 2019 – Jul 2024)
Woman & Child Repression,Kidnapping,0.3996,Before the break (Jan 2019 – Jul 2024)
Woman & Child Repression,Theft,0.1852,Before the break (Jan 2019 – Jul 2024)
Woman & Child Repression,Other Cases,0.3855,Before the break (Jan 2019 – Jul 2024)
Woman & Child Repression,Murder,0.4098,Before the break (Jan 2019 – Jul 2024)
Woman & Child Repression,Woman & Child Repression,1.0,Before the break (Jan 2019 – Jul 2024)
Arms Act,Arms Act,1.0,After the break (Sep 2024 – Aug 2026)
Arms Act,Narcotics,-0.0148,After the break (Sep 2024 – Aug 2026)
Arms Act,Smuggling,-0.0939,After the break (Sep 2024 – Aug 2026)
Arms Act,Police Assault,-0.0231,After the break (Sep 2024 – Aug 2026)
Arms Act,Speedy Trial,-0.3287,After the break (Sep 2024 – Aug 2026)
Arms Act,Riot,-0.3178,After the break (Sep 2024 – Aug 2026)
Arms Act,Explosive Act,0.0303,After the break (Sep 2024 – Aug 2026)
Arms Act,Burglary,-0.0379,After the break (Sep 2024 – Aug 2026)
Arms Act,Robbery,-0.1324,After the break (Sep 2024 – Aug 2026)
Arms Act,Dacoity,-0.2382,After the break (Sep 2024 – Aug 2026)
Arms Act,Kidnapping,-0.1783,After the break (Sep 2024 – Aug 2026)
Arms Act,Theft,-0.0758,After the break (Sep 2024 – Aug 2026)
Arms Act,Other Cases,-0.1406,After the break (Sep 2024 – Aug 2026)
Arms Act,Murder,0.0601,After the break (Sep 2024 – Aug 2026)
Arms Act,Woman & Child Repression,-0.0078,After the break (Sep 2024 – Aug 2026)
Narcotics,Arms Act,-0.0148,After the break (Sep 2024 – Aug 2026)
Narcotics,Narcotics,1.0,After the break (Sep 2024 – Aug 2026)
Narcotics,Smuggling,0.4692,After the break (Sep 2024 – Aug 2026)
Narcotics,Police Assault,0.402,After the break (Sep 2024 – Aug 2026)
Narcotics,Speedy Trial,-0.3867,After the break (Sep 2024 – Aug 2026)
Narcotics,Riot,-0.518,After the break (Sep 2024 – Aug 2026)
Narcotics,Explosive Act,-0.7326,After the break (Sep 2024 – Aug 2026)
Narcotics,Burglary,0.6746,After the break (Sep 2024 – Aug 2026)
Narcotics,Robbery,0.3528,After the break (Sep 2024 – Aug 2026)
Narcotics,Dacoity,-0.4049,After the break (Sep 2024 – Aug 2026)
Narcotics,Kidnapping,0.403,After the break (Sep 2024 – Aug 2026)
Narcotics,Theft,0.5946,After the break (Sep 2024 – Aug 2026)
Narcotics,Other Cases,0.4324,After the break (Sep 2024 – Aug 2026)
Narcotics,Murder,0.4036,After the break (Sep 2024 – Aug 2026)
Narcotics,Woman & Child Repression,0.5606,After the break (Sep 2024 – Aug 2026)
Smuggling,Arms Act,-0.0939,After the break (Sep 2024 – Aug 2026)
Smuggling,Narcotics,0.4692,After the break (Sep 2024 – Aug 2026)
Smuggling,Smuggling,1.0,After the break (Sep 2024 – Aug 2026)
Smuggling,Police Assault,0.2194,After the break (Sep 2024 – Aug 2026)
Smuggling,Speedy Trial,-0.1606,After the break (Sep 2024 – Aug 2026)
Smuggling,Riot,-0.3332,After the break (Sep 2024 – Aug 2026)
Smuggling,Explosive Act,-0.2519,After the break (Sep 2024 – Aug 2026)
Smuggling,Burglary,0.4819,After the break (Sep 2024 – Aug 2026)
Smuggling,Robbery,0.0925,After the break (Sep 2024 – Aug 2026)
Smuggling,Dacoity,-0.3049,After the break (Sep 2024 – Aug 2026)
Smuggling,Kidnapping,0.2695,After the break (Sep 2024 – Aug 2026)
Smuggling,Theft,0.4575,After the break (Sep 2024 – Aug 2026)
Smuggling,Other Cases,0.2625,After the break (Sep 2024 – Aug 2026)
Smuggling,Murder,-0.1936,After the break (Sep 2024 – Aug 2026)
Smuggling,Woman & Child Repression,0.3751,After the break (Sep 2024 – Aug 2026)
Police Assault,Arms Act,-0.0231,After the break (Sep 2024 – Aug 2026)
Police Assault,Narcotics,0.402,After the break (Sep 2024 – Aug 2026)
Police Assault,Smuggling,0.2194,After the break (Sep 2024 – Aug 2026)
Police Assault,Police Assault,1.0,After the break (Sep 2024 – Aug 2026)
Police Assault,Speedy Trial,0.0347,After the break (Sep 2024 – Aug 2026)
Police Assault,Riot,-0.0757,After the break (Sep 2024 – Aug 2026)
Police Assault,Explosive Act,-0.4438,After the break (Sep 2024 – Aug 2026)
Police Assault,Burglary,0.0592,After the break (Sep 2024 – Aug 2026)
Police Assault,Robbery,0.3679,After the break (Sep 2024 – Aug 2026)
Police Assault,Dacoity,-0.3119,After the break (Sep 2024 – Aug 2026)
Police Assault,Kidnapping,0.1312,After the break (Sep 2024 – Aug 2026)
Police Assault,Theft,0.4427,After the break (Sep 2024 – Aug 2026)
Police Assault,Other Cases,0.6498,After the break (Sep 2024 – Aug 2026)
Police Assault,Murder,0.4407,After the break (Sep 2024 – Aug 2026)
Police Assault,Woman & Child Repression,0.361,After the break (Sep 2024 – Aug 2026)
Speedy Trial,Arms Act,-0.3287,After the break (Sep 2024 – Aug 2026)
Speedy Trial,Narcotics,-0.3867,After the break (Sep 2024 – Aug 2026)
Speedy Trial,Smuggling,-0.1606,After the break (Sep 2024 – Aug 2026)
Speedy Trial,Police Assault,0.0347,After the break (Sep 2024 – Aug 2026)
Speedy Trial,Speedy Trial,1.0,After the break (Sep 2024 – Aug 2026)
Speedy Trial,Riot,0.4637,After the break (Sep 2024 – Aug 2026)
Speedy Trial,Explosive Act,0.4647,After the break (Sep 2024 – Aug 2026)
Speedy Trial,Burglary,-0.0828,After the break (Sep 2024 – Aug 2026)
Speedy Trial,Robbery,0.1744,After the break (Sep 2024 – Aug 2026)
Speedy Trial,Dacoity,0.3576,After the break (Sep 2024 – Aug 2026)
Speedy Trial,Kidnapping,0.2899,After the break (Sep 2024 – Aug 2026)
Speedy Trial,Theft,0.0244,After the break (Sep 2024 – Aug 2026)
Speedy Trial,Other Cases,0.0681,After the break (Sep 2024 – Aug 2026)
Speedy Trial,Murder,-0.0662,After the break (Sep 2024 – Aug 2026)
Speedy Trial,Woman & Child Repression,-0.1454,After the break (Sep 2024 – Aug 2026)
Riot,Arms Act,-0.3178,After the break (Sep 2024 – Aug 2026)
Riot,Narcotics,-0.518,After the break (Sep 2024 – Aug 2026)
Riot,Smuggling,-0.3332,After the break (Sep 2024 – Aug 2026)
Riot,Police Assault,-0.0757,After the break (Sep 2024 – Aug 2026)
Riot,Speedy Trial,0.4637,After the break (Sep 2024 – Aug 2026)
Riot,Riot,1.0,After the break (Sep 2024 – Aug 2026)
Riot,Explosive Act,0.4123,After the break (Sep 2024 – Aug 2026)
Riot,Burglary,-0.5056,After the break (Sep 2024 – Aug 2026)
Riot,Robbery,0.0557,After the break (Sep 2024 – Aug 2026)
Riot,Dacoity,0.4265,After the break (Sep 2024 – Aug 2026)
Riot,Kidnapping,-0.3415,After the break (Sep 2024 – Aug 2026)
Riot,Theft,-0.3437,After the break (Sep 2024 – Aug 2026)
Riot,Other Cases,0.0311,After the break (Sep 2024 – Aug 2026)
Riot,Murder,-0.0237,After the break (Sep 2024 – Aug 2026)
Riot,Woman & Child Repression,-0.0219,After the break (Sep 2024 – Aug 2026)
Explosive Act,Arms Act,0.0303,After the break (Sep 2024 – Aug 2026)
Explosive Act,Narcotics,-0.7326,After the break (Sep 2024 – Aug 2026)
Explosive Act,Smuggling,-0.2519,After the break (Sep 2024 – Aug 2026)
Explosive Act,Police Assault,-0.4438,After the break (Sep 2024 – Aug 2026)
Explosive Act,Speedy Trial,0.4647,After the break (Sep 2024 – Aug 2026)
Explosive Act,Riot,0.4123,After the break (Sep 2024 – Aug 2026)
Explosive Act,Explosive Act,1.0,After the break (Sep 2024 – Aug 2026)
Explosive Act,Burglary,-0.3891,After the break (Sep 2024 – Aug 2026)
Explosive Act,Robbery,-0.1973,After the break (Sep 2024 – Aug 2026)
Explosive Act,Dacoity,0.4711,After the break (Sep 2024 – Aug 2026)
Explosive Act,Kidnapping,-0.1228,After the break (Sep 2024 – Aug 2026)
Explosive Act,Theft,-0.435,After the break (Sep 2024 – Aug 2026)
Explosive Act,Other Cases,-0.4389,After the break (Sep 2024 – Aug 2026)
Explosive Act,Murder,-0.3821,After the break (Sep 2024 – Aug 2026)
Explosive Act,Woman & Child Repression,-0.4667,After the break (Sep 2024 – Aug 2026)
Burglary,Arms Act,-0.0379,After the break (Sep 2024 – Aug 2026)
Burglary,Narcotics,0.6746,After the break (Sep 2024 – Aug 2026)
Burglary,Smuggling,0.4819,After the break (Sep 2024 – Aug 2026)
Burglary,Police Assault,0.0592,After the break (Sep 2024 – Aug 2026)
Burglary,Speedy Trial,-0.0828,After the break (Sep 2024 – Aug 2026)
Burglary,Riot,-0.5056,After the break (Sep 2024 – Aug 2026)
Burglary,Explosive Act,-0.3891,After the break (Sep 2024 – Aug 2026)
Burglary,Burglary,1.0,After the break (Sep 2024 – Aug 2026)
Burglary,Robbery,0.2905,After the break (Sep 2024 – Aug 2026)
Burglary,Dacoity,-0.2269,After the break (Sep 2024 – Aug 2026)
Burglary,Kidnapping,0.6309,After the break (Sep 2024 – Aug 2026)
Burglary,Theft,0.7361,After the break (Sep 2024 – Aug 2026)
Burglary,Other Cases,0.223,After the break (Sep 2024 – Aug 2026)
Burglary,Murder,0.1992,After the break (Sep 2024 – Aug 2026)
Burglary,Woman & Child Repression,0.4489,After the break (Sep 2024 – Aug 2026)
Robbery,Arms Act,-0.1324,After the break (Sep 2024 – Aug 2026)
Robbery,Narcotics,0.3528,After the break (Sep 2024 – Aug 2026)
Robbery,Smuggling,0.0925,After the break (Sep 2024 – Aug 2026)
Robbery,Police Assault,0.3679,After the break (Sep 2024 – Aug 2026)
Robbery,Speedy Trial,0.1744,After the break (Sep 2024 – Aug 2026)
Robbery,Riot,0.0557,After the break (Sep 2024 – Aug 2026)
Robbery,Explosive Act,-0.1973,After the break (Sep 2024 – Aug 2026)
Robbery,Burglary,0.2905,After the break (Sep 2024 – Aug 2026)
Robbery,Robbery,1.0,After the break (Sep 2024 – Aug 2026)
Robbery,Dacoity,0.3995,After the break (Sep 2024 – Aug 2026)
Robbery,Kidnapping,0.402,After the break (Sep 2024 – Aug 2026)
Robbery,Theft,0.6208,After the break (Sep 2024 – Aug 2026)
Robbery,Other Cases,0.137,After the break (Sep 2024 – Aug 2026)
Robbery,Murder,0.4289,After the break (Sep 2024 – Aug 2026)
Robbery,Woman & Child Repression,0.3058,After the break (Sep 2024 – Aug 2026)
Dacoity,Arms Act,-0.2382,After the break (Sep 2024 – Aug 2026)
Dacoity,Narcotics,-0.4049,After the break (Sep 2024 – Aug 2026)
Dacoity,Smuggling,-0.3049,After the break (Sep 2024 – Aug 2026)
Dacoity,Police Assault,-0.3119,After the break (Sep 2024 – Aug 2026)
Dacoity,Speedy Trial,0.3576,After the break (Sep 2024 – Aug 2026)
Dacoity,Riot,0.4265,After the break (Sep 2024 – Aug 2026)
Dacoity,Explosive Act,0.4711,After the break (Sep 2024 – Aug 2026)
Dacoity,Burglary,-0.2269,After the break (Sep 2024 – Aug 2026)
Dacoity,Robbery,0.3995,After the break (Sep 2024 – Aug 2026)
Dacoity,Dacoity,1.0,After the break (Sep 2024 – Aug 2026)
Dacoity,Kidnapping,-0.058,After the break (Sep 2024 – Aug 2026)
Dacoity,Theft,-0.1419,After the break (Sep 2024 – Aug 2026)
Dacoity,Other Cases,-0.3879,After the break (Sep 2024 – Aug 2026)
Dacoity,Murder,-0.101,After the break (Sep 2024 – Aug 2026)
Dacoity,Woman & Child Repression,-0.2925,After the break (Sep 2024 – Aug 2026)
Kidnapping,Arms Act,-0.1783,After the break (Sep 2024 – Aug 2026)
Kidnapping,Narcotics,0.403,After the break (Sep 2024 – Aug 2026)
Kidnapping,Smuggling,0.2695,After the break (Sep 2024 – Aug 2026)
Kidnapping,Police Assault,0.1312,After the break (Sep 2024 – Aug 2026)
Kidnapping,Speedy Trial,0.2899,After the break (Sep 2024 – Aug 2026)
Kidnapping,Riot,-0.3415,After the break (Sep 2024 – Aug 2026)
Kidnapping,Explosive Act,-0.1228,After the break (Sep 2024 – Aug 2026)
Kidnapping,Burglary,0.6309,After the break (Sep 2024 – Aug 2026)
Kidnapping,Robbery,0.402,After the break (Sep 2024 – Aug 2026)
Kidnapping,Dacoity,-0.058,After the break (Sep 2024 – Aug 2026)
Kidnapping,Kidnapping,1.0,After the break (Sep 2024 – Aug 2026)
Kidnapping,Theft,0.5672,After the break (Sep 2024 – Aug 2026)
Kidnapping,Other Cases,0.209,After the break (Sep 2024 – Aug 2026)
Kidnapping,Murder,0.293,After the break (Sep 2024 – Aug 2026)
Kidnapping,Woman & Child Repression,0.2564,After the break (Sep 2024 – Aug 2026)
Theft,Arms Act,-0.0758,After the break (Sep 2024 – Aug 2026)
Theft,Narcotics,0.5946,After the break (Sep 2024 – Aug 2026)
Theft,Smuggling,0.4575,After the break (Sep 2024 – Aug 2026)
Theft,Police Assault,0.4427,After the break (Sep 2024 – Aug 2026)
Theft,Speedy Trial,0.0244,After the break (Sep 2024 – Aug 2026)
Theft,Riot,-0.3437,After the break (Sep 2024 – Aug 2026)
Theft,Explosive Act,-0.435,After the break (Sep 2024 – Aug 2026)
Theft,Burglary,0.7361,After the break (Sep 2024 – Aug 2026)
Theft,Robbery,0.6208,After the break (Sep 2024 – Aug 2026)
Theft,Dacoity,-0.1419,After the break (Sep 2024 – Aug 2026)
Theft,Kidnapping,0.5672,After the break (Sep 2024 – Aug 2026)
Theft,Theft,1.0,After the break (Sep 2024 – Aug 2026)
Theft,Other Cases,0.3306,After the break (Sep 2024 – Aug 2026)
Theft,Murder,0.3879,After the break (Sep 2024 – Aug 2026)
Theft,Woman & Child Repression,0.484,After the break (Sep 2024 – Aug 2026)
Other Cases,Arms Act,-0.1406,After the break (Sep 2024 – Aug 2026)
Other Cases,Narcotics,0.4324,After the break (Sep 2024 – Aug 2026)
Other Cases,Smuggling,0.2625,After the break (Sep 2024 – Aug 2026)
Other Cases,Police Assault,0.6498,After the break (Sep 2024 – Aug 2026)
Other Cases,Speedy Trial,0.0681,After the break (Sep 2024 – Aug 2026)
Other Cases,Riot,0.0311,After the break (Sep 2024 – Aug 2026)
Other Cases,Explosive Act,-0.4389,After the break (Sep 2024 – Aug 2026)
Other Cases,Burglary,0.223,After the break (Sep 2024 – Aug 2026)
Other Cases,Robbery,0.137,After the break (Sep 2024 – Aug 2026)
Other Cases,Dacoity,-0.3879,After the break (Sep 2024 – Aug 2026)
Other Cases,Kidnapping,0.209,After the break (Sep 2024 – Aug 2026)
Other Cases,Theft,0.3306,After the break (Sep 2024 – Aug 2026)
Other Cases,Other Cases,1.0,After the break (Sep 2024 – Aug 2026)
Other Cases,Murder,0.5497,After the break (Sep 2024 – Aug 2026)
Other Cases,Woman & Child Repression,0.7271,After the break (Sep 2024 – Aug 2026)
Murder,Arms Act,0.0601,After the break (Sep 2024 – Aug 2026)
Murder,Narcotics,0.4036,After the break (Sep 2024 – Aug 2026)
Murder,Smuggling,-0.1936,After the break (Sep 2024 – Aug 2026)
Murder,Police Assault,0.4407,After the break (Sep 2024 – Aug 2026)
Murder,Speedy Trial,-0.0662,After the break (Sep 2024 – Aug 2026)
Murder,Riot,-0.0237,After the break (Sep 2024 – Aug 2026)
Murder,Explosive Act,-0.3821,After the break (Sep 2024 – Aug 2026)
Murder,Burglary,0.1992,After the break (Sep 2024 – Aug 2026)
Murder,Robbery,0.4289,After the break (Sep 2024 – Aug 2026)
Murder,Dacoity,-0.101,After the break (Sep 2024 – Aug 2026)
Murder,Kidnapping,0.293,After the break (Sep 2024 – Aug 2026)
Murder,Theft,0.3879,After the break (Sep 2024 – Aug 2026)
Murder,Other Cases,0.5497,After the break (Sep 2024 – Aug 2026)
Murder,Murder,1.0,After the break (Sep 2024 – Aug 2026)
Murder,Woman & Child Repression,0.6287,After the break (Sep 2024 – Aug 2026)
Woman & Child Repression,Arms Act,-0.0078,After the break (Sep 2024 – Aug 2026)
Woman & Child Repression,Narcotics,0.5606,After the break (Sep 2024 – Aug 2026)
Woman & Child Repression,Smuggling,0.3751,After the break (Sep 2024 – Aug 2026)
Woman & Child Repression,Police Assault,0.361,After the break (Sep 2024 – Aug 2026)
Woman & Child Repression,Speedy Trial,-0.1454,After the break (Sep 2024 – Aug 2026)
Woman & Child Repression,Riot,-0.0219,After the break (Sep 2024 – Aug 2026)
Woman & Child Repression,Explosive Act,-0.4667,After the break (Sep 2024 – Aug 2026)
Woman & Child Repression,Burglary,0.4489,After the break (Sep 2024 – Aug 2026)
Woman & Child Repression,Robbery,0.3058,After the break (Sep 2024 – Aug 2026)
Woman & Child Repression,Dacoity,-0.2925,After the break (Sep 2024 – Aug 2026)
Woman & Child Repression,Kidnapping,0.2564,After the break (Sep 2024 – Aug 2026)
Woman & Child Repression,Theft,0.484,After the break (Sep 2024 – Aug 2026)
Woman & Child Repression,Other Cases,0.7271,After the break (Sep 2024 – Aug 2026)
Woman & Child Repression,Murder,0.6287,After the break (Sep 2024 – Aug 2026)
Woman & Child Repression,Woman & Child Repression,1.0,After the break (Sep 2024 – Aug 2026)
