series,date,mean,lo95,hi95,lo80,hi80,backtest,naive,actual
Total Cases,2026-09-30,18093.163,14837.5907,22063.0047,15892.1785,20598.9534,,,
Total Cases,2026-10-31,16951.3928,13200.0189,21768.806,14393.8082,19963.3939,,,
Total Cases,2026-11-30,15744.0861,11944.9563,20751.4395,13143.1006,18859.7607,,,
Total Cases,2026-12-31,14928.1202,11165.5107,19958.5591,12346.2692,18049.8439,,,
Total Cases,2027-01-31,14733.4726,10931.0923,19858.3898,12120.971,17909.015,,,
Total Cases,2027-02-28,15020.8832,11092.3751,20340.598,12319.72,18314.2426,,,
Total Cases,2027-03-31,15402.084,11342.9508,20913.6707,12609.9001,18812.4862,,,
Total Cases,2027-04-30,15552.8258,11435.7097,21152.0677,12720.0408,19016.4294,,,
Total Cases,2027-05-31,15489.5198,11378.4912,21085.7252,12660.5034,18950.636,,,
Total Cases,2027-06-30,15478.753,11364.3115,21082.6941,12647.1407,18944.2947,,,
Total Cases,2027-07-31,15682.2666,11509.9915,21366.8248,12810.7047,19197.4483,,,
Total Cases,2027-08-31,15935.3739,11693.5239,21715.8322,13015.8386,19509.7292,,,
Total Cases,2025-09-30,,,,,,15669.7132,12245.0,15431.0
Total Cases,2025-10-31,,,,,,14813.6324,13265.0,16170.0
Total Cases,2025-11-30,,,,,,15154.7656,13827.0,14465.0
Total Cases,2025-12-31,,,,,,14037.4055,13622.0,13232.0
Total Cases,2026-01-31,,,,,,13238.7543,14572.0,14058.0
Total Cases,2026-02-28,,,,,,14405.4396,13002.0,11775.0
Total Cases,2026-03-31,,,,,,11973.7713,16240.0,16157.0
Total Cases,2026-04-30,,,,,,16589.1264,16368.0,17180.0
Total Cases,2026-05-31,,,,,,17386.1951,16045.0,18149.0
Total Cases,2026-06-30,,,,,,18851.3548,15167.0,18820.0
Total Cases,2026-07-31,,,,,,19514.7713,15389.0,17911.0
Total Cases,2026-08-31,,,,,,17452.8917,15656.0,18896.0
Reported Crime (excl. Recovery),2026-09-30,11014.7634,9746.276,12448.3287,10167.8979,11932.1558,,,
Reported Crime (excl. Recovery),2026-10-31,10581.6809,9254.5987,12099.0422,9693.9714,11550.6726,,,
Reported Crime (excl. Recovery),2026-11-30,9812.4257,8543.1406,11270.2711,8962.7388,10742.6558,,,
Reported Crime (excl. Recovery),2026-12-31,9130.8879,7937.1999,10504.0739,8331.5972,10006.8492,,,
Reported Crime (excl. Recovery),2027-01-31,8982.5473,7803.4284,10339.8114,8192.9309,9848.2559,,,
Reported Crime (excl. Recovery),2027-02-28,9500.1411,8250.9642,10938.4177,8663.5734,10417.4798,,,
Reported Crime (excl. Recovery),2027-03-31,10404.7157,9035.5618,11981.3139,9487.7823,11410.2555,,,
Reported Crime (excl. Recovery),2027-04-30,11110.2568,9647.7294,12794.4698,10130.7814,12184.4215,,,
Reported Crime (excl. Recovery),2027-05-31,11206.5549,9731.0729,12905.7352,10218.3988,12290.2599,,,
Reported Crime (excl. Recovery),2027-06-30,10884.3762,9451.1639,12534.9035,9924.5264,11937.0484,,,
Reported Crime (excl. Recovery),2027-07-31,10628.2707,9228.7001,12240.0689,9690.9501,11656.2407,,,
Reported Crime (excl. Recovery),2027-08-31,10645.9739,9244.0283,12260.5149,9707.062,11675.6923,,,
Reported Crime (excl. Recovery),2025-09-30,,,,,,10475.1581,9989.0,10492.0
Reported Crime (excl. Recovery),2025-10-31,,,,,,10198.4534,9550.0,11194.0
Reported Crime (excl. Recovery),2025-11-30,,,,,,10093.9782,9440.0,10092.0
Reported Crime (excl. Recovery),2025-12-31,,,,,,9367.4154,9161.0,8703.0
Reported Crime (excl. Recovery),2026-01-31,,,,,,8821.2124,9880.0,8623.0
Reported Crime (excl. Recovery),2026-02-28,,,,,,9302.9571,9089.0,8087.0
Reported Crime (excl. Recovery),2026-03-31,,,,,,9475.1888,11807.0,10748.0
Reported Crime (excl. Recovery),2026-04-30,,,,,,11096.9846,11647.0,11106.0
Reported Crime (excl. Recovery),2026-05-31,,,,,,11164.6011,11189.0,10715.0
Reported Crime (excl. Recovery),2026-06-30,,,,,,10531.6408,10690.0,11888.0
Reported Crime (excl. Recovery),2026-07-31,,,,,,10962.0789,10399.0,11150.0
Reported Crime (excl. Recovery),2026-08-31,,,,,,10915.9769,10423.0,11278.0
Murder,2026-09-30,289.1935,243.7763,343.0378,258.6301,323.3548,,,
Murder,2026-10-31,271.1829,227.5041,323.2109,241.7665,304.1636,,,
Murder,2026-11-30,256.0463,213.8078,306.5904,227.5784,288.0597,,,
Murder,2026-12-31,249.2458,207.1904,299.7967,220.8805,281.2375,,,
Murder,2027-01-31,253.0032,209.3946,305.6507,223.5691,286.2953,,,
Murder,2027-02-28,265.6351,218.9161,322.279,234.0795,301.4264,,,
Murder,2027-03-31,282.3897,231.7602,344.0321,248.1694,321.3098,,,
Murder,2027-04-30,297.7831,243.4011,364.2657,261.0019,339.7279,,,
Murder,2027-05-31,308.3534,251.0346,378.708,269.5605,352.7085,,,
Murder,2027-06-30,313.1983,253.9767,386.1749,273.0919,359.1734,,,
Murder,2027-07-31,312.0303,252.0499,386.228,271.3844,358.7416,,,
Murder,2027-08-31,303.9713,244.6019,377.6921,263.7145,350.3501,,,
Murder,2025-09-30,,,,,,311.7372,283.0,297.0
Murder,2025-10-31,,,,,,285.7182,249.0,319.0
Murder,2025-11-30,,,,,,276.6827,211.0,279.0
Murder,2025-12-31,,,,,,269.9198,204.0,277.0
Murder,2026-01-31,,,,,,277.0146,294.0,287.0
Murder,2026-02-28,,,,,,294.8066,300.0,250.0
Murder,2026-03-31,,,,,,300.5231,316.0,317.0
Murder,2026-04-30,,,,,,321.8085,336.0,288.0
Murder,2026-05-31,,,,,,325.0824,341.0,310.0
Murder,2026-06-30,,,,,,327.6833,344.0,326.0
Murder,2026-07-31,,,,,,327.546,362.0,298.0
Murder,2026-08-31,,,,,,311.6574,321.0,286.0
Robbery,2026-09-30,181.2212,136.0719,241.2418,150.2684,218.5075,,,
Robbery,2026-10-31,159.6978,117.5816,216.7721,130.7361,195.0266,,,
Robbery,2026-11-30,137.3412,100.4701,187.6102,111.962,168.4223,,,
Robbery,2026-12-31,140.7843,102.5915,193.0583,114.4792,173.0815,,,
Robbery,2027-01-31,145.8719,105.9444,200.7062,118.3572,179.7293,,,
Robbery,2027-02-28,144.8219,105.0022,199.5999,117.3743,178.6339,,,
Robbery,2027-03-31,140.5293,101.563,194.2999,113.6568,173.7001,,,
Robbery,2027-04-30,136.7735,98.5284,189.7148,110.3853,169.4134,,,
Robbery,2027-05-31,144.2101,103.5754,200.6343,116.1594,178.9769,,,
Robbery,2027-06-30,141.8746,101.5775,198.0023,114.0435,176.4386,,,
Robbery,2027-07-31,159.4746,113.8631,223.1982,127.958,198.6937,,,
Robbery,2027-08-31,153.6141,109.3347,215.6635,123.0035,191.781,,,
Robbery,2025-09-30,,,,,,148.6435,104.0,169.0
Robbery,2025-10-31,,,,,,179.7179,157.0,180.0
Robbery,2025-11-30,,,,,,173.3407,133.0,140.0
Robbery,2025-12-31,,,,,,145.8726,159.0,132.0
Robbery,2026-01-31,,,,,,155.1846,171.0,163.0
Robbery,2026-02-28,,,,,,151.5026,153.0,134.0
Robbery,2026-03-31,,,,,,149.1682,171.0,142.0
Robbery,2026-04-30,,,,,,151.1441,149.0,152.0
Robbery,2026-05-31,,,,,,148.818,177.0,167.0
Robbery,2026-06-30,,,,,,158.9763,151.0,149.0
Robbery,2026-07-31,,,,,,151.6198,166.0,160.0
Robbery,2026-08-31,,,,,,175.4595,176.0,154.0
Dacoity,2026-09-30,51.5194,32.4926,81.355,38.1357,69.4799,,,
Dacoity,2026-10-31,52.0857,32.3479,83.5056,38.1703,70.9446,,,
Dacoity,2026-11-30,53.2336,33.0275,85.4385,38.9853,72.5591,,,
Dacoity,2026-12-31,56.0614,34.7963,89.9591,41.066,76.4021,,,
Dacoity,2027-01-31,57.084,35.4368,91.5919,41.8192,77.7907,,,
Dacoity,2027-02-28,53.6442,33.2787,86.109,39.2832,73.1248,,,
Dacoity,2027-03-31,48.0741,29.7845,77.2297,35.1769,65.5691,,,
Dacoity,2027-04-30,44.9324,27.8137,72.2215,32.8609,61.3074,,,
Dacoity,2027-05-31,46.6371,28.8831,74.9391,34.1176,63.6199,,,
Dacoity,2027-06-30,52.3853,32.489,84.1024,38.3551,71.4173,,,
Dacoity,2027-07-31,58.1199,36.0863,93.244,42.5826,79.1963,,,
Dacoity,2027-08-31,59.273,36.8097,95.0821,43.4326,80.7605,,,
Dacoity,2025-09-30,,,,,,62.5654,57.0,50.0
Dacoity,2025-10-31,,,,,,54.9887,68.0,56.0
Dacoity,2025-11-30,,,,,,57.6214,47.0,44.0
Dacoity,2025-12-31,,,,,,56.4508,71.0,64.0
Dacoity,2026-01-31,,,,,,63.7696,71.0,52.0
Dacoity,2026-02-28,,,,,,56.2081,74.0,42.0
Dacoity,2026-03-31,,,,,,47.1525,60.0,39.0
Dacoity,2026-04-30,,,,,,43.7222,46.0,51.0
Dacoity,2026-05-31,,,,,,50.5745,67.0,42.0
Dacoity,2026-06-30,,,,,,53.7336,49.0,38.0
Dacoity,2026-07-31,,,,,,55.4134,59.0,53.0
Dacoity,2026-08-31,,,,,,59.7095,62.0,42.0
Woman & Child Repression,2026-09-30,2118.3274,1643.7065,2729.9119,1794.5654,2500.4676,,,
Woman & Child Repression,2026-10-31,1929.6352,1436.6379,2591.6919,1591.1074,2340.1436,,,
Woman & Child Repression,2026-11-30,1647.0467,1209.6978,2242.3821,1346.0848,2015.2486,,,
Woman & Child Repression,2026-12-31,1422.7358,1039.7894,1946.5828,1159.0061,1746.4249,,,
Woman & Child Repression,2027-01-31,1349.5247,984.3892,1849.9611,1097.9853,1658.6374,,,
Woman & Child Repression,2027-02-28,1431.3922,1043.2929,1963.7243,1163.9996,1760.1573,,,
Woman & Child Repression,2027-03-31,1604.5502,1169.1179,2202.0185,1304.5292,1973.5183,,,
Woman & Child Repression,2027-04-30,1760.8917,1282.8389,2416.9533,1431.4955,2166.0312,,,
Woman & Child Repression,2027-05-31,1834.2369,1336.1662,2517.8301,1491.0429,2256.3711,,,
Woman & Child Repression,2027-06-30,1865.9434,1359.204,2561.467,1516.7737,2295.4411,,,
Woman & Child Repression,2027-07-31,1930.651,1406.3117,2650.3499,1569.3525,2375.0752,,,
Woman & Child Repression,2027-08-31,2024.6552,1474.7772,2779.4191,1645.7583,2490.7312,,,
Woman & Child Repression,2025-09-30,,,,,,1946.0786,1578.0,1928.0
Woman & Child Repression,2025-10-31,,,,,,1799.4772,1560.0,1985.0
Woman & Child Repression,2025-11-30,,,,,,1671.6543,1452.0,1744.0
Woman & Child Repression,2025-12-31,,,,,,1484.1679,1205.0,1248.0
Woman & Child Repression,2026-01-31,,,,,,1246.0553,1440.0,1281.0
Woman & Child Repression,2026-02-28,,,,,,1385.934,1430.0,1181.0
Woman & Child Repression,2026-03-31,,,,,,1402.2791,2054.0,1485.0
Woman & Child Repression,2026-04-30,,,,,,1641.9841,2089.0,2011.0
Woman & Child Repression,2026-05-31,,,,,,1952.1635,2087.0,1952.0
Woman & Child Repression,2026-06-30,,,,,,1899.8187,1933.0,2200.0
Woman & Child Repression,2026-07-31,,,,,,2112.918,2097.0,2336.0
Woman & Child Repression,2026-08-31,,,,,,2273.2501,1904.0,2156.0
Narcotics,2026-09-30,6240.6502,4035.4087,9650.6978,4692.7505,8299.0145,,,
Narcotics,2026-10-31,5478.6334,3143.9643,9546.4476,3810.3716,7877.1041,,,
Narcotics,2026-11-30,5093.8176,2745.2063,9451.0088,3400.2165,7630.7302,,,
Narcotics,2026-12-31,5032.6723,2616.1991,9680.2875,3281.1303,7718.9424,,,
Narcotics,2027-01-31,5022.9674,2555.6737,9871.2995,3229.1411,7812.977,,,
Narcotics,2027-02-28,4790.6052,2405.866,9538.1603,3053.6144,7515.3269,,,
Narcotics,2027-03-31,4348.187,2166.2557,8726.8242,2757.1337,6857.0529,,,
Narcotics,2027-04-30,3963.5103,1964.8575,7994.1583,2505.0965,6270.6428,,,
Narcotics,2027-05-31,3854.2387,1904.8524,7797.5395,2431.1674,6109.9548,,,
Narcotics,2027-06-30,4030.8719,1988.4042,8170.2863,2539.4558,6397.8482,,,
Narcotics,2027-07-31,4301.3778,2119.3834,8728.7678,2707.8172,6832.4085,,,
Narcotics,2027-08-31,4397.1972,2165.0236,8929.7146,2766.8232,6987.9358,,,
Narcotics,2025-09-30,,,,,,4289.547,1827.0,4585.0
Narcotics,2025-10-31,,,,,,4085.5359,3272.0,4585.0
Narcotics,2025-11-30,,,,,,4273.8883,3978.0,3943.0
Narcotics,2025-12-31,,,,,,4015.4059,4137.0,4148.0
Narcotics,2026-01-31,,,,,,4119.946,4386.0,4922.0
Narcotics,2026-02-28,,,,,,4568.5758,3632.0,3359.0
Narcotics,2026-03-31,,,,,,3132.1114,4075.0,5062.0
Narcotics,2026-04-30,,,,,,3964.9271,4392.0,5706.0
Narcotics,2026-05-31,,,,,,5684.7972,4443.0,7092.0
Narcotics,2026-06-30,,,,,,7763.677,4098.0,6580.0
Narcotics,2026-07-31,,,,,,6623.5361,4658.0,6383.0
Narcotics,2026-08-31,,,,,,5765.4691,4860.0,7167.0
