series,pre_mean,post_mean,pct_change,ratio_lo,ratio_hi,p_value,cliffs_delta,lo,hi
Explosive Act,54.875,37.0417,-32.4981,0.4226,1.1077,0.4033,-0.1424,-57.7393,10.7667
Narcotics,6206.25,4637.0833,-25.2837,0.6634,0.8365,0.0,-0.6979,-33.655,-16.3515
Recovery Total,6574.4167,5012.5833,-23.7562,0.6838,0.8481,0.0,-0.7014,-31.6214,-15.1939
Speedy Trial,95.625,79.3333,-17.037,0.7415,0.9235,0.0005,-0.5868,-25.8451,-7.6456
Police Assault,54.5417,48.0,-11.9939,0.6918,1.0969,0.4031,-0.1424,-30.8182,9.6868
Total Cases,16230.5,15318.4167,-5.6196,0.888,1.0014,0.0712,-0.3056,-11.2034,0.1378
Smuggling,196.4167,187.1667,-4.7094,0.8512,1.058,0.8608,-0.0312,-14.8776,5.8017
Theft,794.625,788.2917,-0.797,0.9367,1.0495,1.0,0.0017,-6.3333,4.9545
Murder (excl. backlog filings),257.125,269.25,4.7156,0.9766,1.1213,0.1767,0.2292,-2.3425,12.1284
Other Cases,6443.4167,6771.7083,5.095,0.9948,1.1106,0.1147,0.2674,-0.517,11.0613
Reported Crime (excl. Recovery),9656.0833,10305.8333,6.7289,1.0101,1.1278,0.0364,0.3542,1.0089,12.7786
Woman & Child Repression,1611.25,1764.0,9.4802,0.9836,1.2168,0.1147,0.2674,-1.6413,21.6824
Murder,257.125,295.625,14.9733,1.0715,1.2313,0.0003,0.6042,7.1535,23.1327
Burglary,220.25,257.5417,16.9315,1.0766,1.264,0.001,0.5556,7.6649,26.3991
Riot,4.4167,5.2083,17.9245,0.4976,3.5253,0.0264,0.3715,-50.237,252.529
Arms Act,116.875,151.2917,29.4474,1.172,1.4376,0.0,0.7378,17.2009,43.7633
Robbery,104.1667,154.5417,48.36,1.3862,1.5868,0.0,0.9427,38.6172,58.6765
Dacoity,29.4167,54.3333,84.7025,1.6388,2.0862,0.0,0.9601,63.8768,108.6234
Kidnapping,41.25,87.25,111.5152,1.911,2.3632,0.0,1.0,91.1002,136.3182
