date,Total Cases,Reported Crime (excl. Recovery),Recovery Total
2019-01-31,17484,7850,9634
2019-02-28,17662,7113,10549
2019-03-31,17557,7875,9682
2019-04-30,20135,9569,10566
2019-05-31,20955,10827,10128
2019-06-30,18580,10096,8484
2019-07-31,19986,9243,10743
2019-08-31,19146,9440,9706
2019-09-30,20563,9745,10818
2019-10-31,18710,9167,9543
2019-11-30,17946,8688,9258
2019-12-31,16960,7997,8963
2020-01-31,18006,8307,9699
2020-02-29,17472,8431,9041
2020-03-31,17150,9092,8058
2020-04-30,9098,7290,1808
2020-05-31,11513,8830,2683
2020-06-30,13192,8747,4445
2020-07-31,17823,9255,8568
2020-08-31,16165,10243,5922
2020-09-30,16650,9921,6729
2020-10-31,17813,10852,6961
2020-11-30,17219,10055,7164
2020-12-31,15825,8961,6864
2021-01-31,16101,9073,7028
2021-02-28,15545,8751,6794
2021-03-31,18052,10024,8028
2021-04-30,16302,10564,5738
2021-05-31,17172,10806,6366
2021-06-30,17546,10214,7332
2021-07-31,14925,9160,5765
2021-08-31,17896,9453,8443
2021-09-30,17316,9452,7864
2021-10-31,16270,9264,7006
2021-11-30,15670,8375,7295
2021-12-31,14715,8297,6418
2022-01-31,16027,8621,7406
2022-02-28,15902,8226,7676
2022-03-31,17844,10051,7793
2022-04-30,18287,11172,7115
2022-05-31,17788,10588,7200
2022-06-30,17362,10168,7194
2022-07-31,17137,10401,6736
2022-08-31,18485,10842,7643
2022-09-30,17270,10028,7242
2022-10-31,17008,10038,6970
2022-11-30,16553,9229,7324
2022-12-31,14567,7903,6664
2023-01-31,15607,8274,7333
2023-02-28,15305,8578,6727
2023-03-31,17262,9912,7350
2023-04-30,16644,10365,6279
2023-05-31,17943,10739,7204
2023-06-30,16586,10189,6397
2023-07-31,17738,10513,7225
2023-08-31,17699,10154,7545
2023-09-30,16499,9293,7206
2023-10-31,15989,9601,6388
2023-11-30,13681,8455,5226
2023-12-31,14483,8220,6263
2024-01-31,14043,8154,5889
2024-02-29,15490,9127,6363
2024-03-31,17280,10647,6633
2024-04-30,16819,11239,5580
2024-05-31,16011,10253,5758
2024-06-30,15604,10304,5300
2024-07-31,14966,9689,5277
2024-08-31,8833,7652,1181
2024-09-30,12245,9989,2256
2024-10-31,13265,9550,3715
2024-11-30,13827,9440,4387
2024-12-31,13622,9161,4461
2025-01-31,14572,9880,4692
2025-02-28,13002,9089,3913
2025-03-31,16240,11807,4433
2025-04-30,16368,11647,4721
2025-05-31,16045,11189,4856
2025-06-30,15167,10690,4477
2025-07-31,15389,10399,4990
2025-08-31,15656,10423,5233
2025-09-30,15431,10492,4939
2025-10-31,16170,11194,4976
2025-11-30,14465,10092,4373
2025-12-31,13232,8703,4529
2026-01-31,14058,8623,5435
2026-02-28,11775,8087,3688
2026-03-31,16157,10748,5409
2026-04-30,17180,11106,6074
2026-05-31,18149,10715,7434
2026-06-30,18820,11888,6932
2026-07-31,17911,11150,6761
2026-08-31,18896,11278,7618
