date,fit::Dacoity,cf::Dacoity,fit::Robbery,cf::Robbery,fit::Murder,cf::Murder,fit::Speedy Trial,cf::Speedy Trial,fit::Riot,cf::Riot,fit::Woman & Child Repression,cf::Woman & Child Repression,fit::Kidnapping,cf::Kidnapping,fit::Police Assault,cf::Police Assault,fit::Burglary,cf::Burglary,fit::Theft,cf::Theft,fit::Other Cases,cf::Other Cases,fit::Arms Act,cf::Arms Act,fit::Explosive Act,cf::Explosive Act,fit::Narcotics,cf::Narcotics,fit::Smuggling,cf::Smuggling,fit::Murder (excl. backlog filings),cf::Murder (excl. backlog filings),fit::Recovery Total,cf::Recovery Total,fit::Reported Crime (excl. Recovery),cf::Reported Crime (excl. Recovery),fit::Total Cases,cf::Total Cases
2019-01-31,31.0459,31.0459,75.9538,75.9538,294.5908,294.5908,52.6376,52.6376,0.3418,0.3418,1528.523,1528.523,48.2573,48.2573,39.2817,39.2817,206.1332,206.1332,578.7297,578.7297,5254.9119,5254.9119,210.2098,210.2098,14.8879,14.8879,9210.0597,9210.0597,318.689,318.689,302.3987,302.3987,9726.0943,9726.0943,8135.6109,8135.6109,17553.6128,17553.6128
2019-02-28,28.2087,28.2087,67.744,67.744,273.5414,273.5414,54.1936,54.1936,0.3307,0.3307,1586.4361,1586.4361,39.9574,39.9574,36.5465,36.5465,182.8292,182.8292,534.851,534.851,5164.1122,5164.1122,201.904,201.904,10.6447,10.6447,8613.0918,8613.0918,282.782,282.782,268.5294,268.5294,9083.231,9083.231,7974.701,7974.701,16950.6057,16950.6057
2019-03-31,27.1517,27.1517,76.4576,76.4576,305.3846,305.3846,68.6581,68.6581,0.8677,0.8677,2069.7257,2069.7257,50.834,50.834,51.6062,51.6062,205.0761,205.0761,638.7172,638.7172,6228.7986,6228.7986,210.2843,210.2843,9.9649,9.9649,10433.8029,10433.8029,346.978,346.978,300.8699,300.8699,10953.3074,10953.3074,9680.6411,9680.6411,20258.9416,20258.9416
2019-04-30,23.7707,23.7707,71.5911,71.5911,322.9708,322.9708,60.1172,60.1172,0.6644,0.6644,1997.5937,1997.5937,46.9756,46.9756,47.0121,47.0121,184.579,184.579,558.7058,558.7058,6670.7642,6670.7642,198.1629,198.1629,8.4739,8.4739,8015.4417,8015.4417,278.9795,278.9795,319.3138,319.3138,8467.4465,8467.4465,9973.719,9973.719,18792.5588,18792.5588
2019-05-31,27.303,27.303,76.8211,76.8211,325.7782,325.7782,55.9609,55.9609,0.488,0.488,2141.8896,2141.8896,46.2862,46.2862,45.51,45.51,196.1659,196.1659,567.1194,567.1194,6706.3139,6706.3139,223.5636,223.5636,10.1905,10.1905,8698.9198,8698.9198,278.5033,278.5033,319.9779,319.9779,9184.8449,9184.8449,10150.8611,10150.8611,19501.9017,19501.9017
2019-06-30,28.9446,28.9446,74.1777,74.1777,324.1499,324.1499,54.5001,54.5001,0.5228,0.5228,2192.9676,2192.9676,46.1999,46.1999,39.4814,39.4814,206.2712,206.2712,577.6261,577.6261,6239.9463,6239.9463,189.1327,189.1327,7.77,7.77,7969.0301,7969.0301,271.9901,271.9901,316.3312,316.3312,8413.7113,8413.7113,9728.5185,9728.5185,18294.0497,18294.0497
2019-07-31,30.8929,30.8929,75.4229,75.4229,347.0549,347.0549,55.9441,55.9441,1.6036,1.6036,2172.9846,2172.9846,41.4906,41.4906,47.6978,47.6978,228.8594,228.8594,616.4528,616.4528,5871.2949,5871.2949,204.8694,204.8694,12.518,12.518,8608.9526,8608.9526,294.9726,294.9726,339.6353,339.6353,9107.7455,9107.7455,9437.0621,9437.0621,18609.1048,18609.1048
2019-08-31,29.4921,29.4921,78.8327,78.8327,313.6121,313.6121,60.5715,60.5715,0.3779,0.3779,2246.9001,2246.9001,50.3525,50.3525,35.3233,35.3233,258.7215,258.7215,648.1071,648.1071,6054.3322,6054.3322,189.4174,189.4174,13.1811,13.1811,9002.3161,9002.3161,320.6295,320.6295,307.0622,307.0622,9508.8998,9508.8998,9730.8375,9730.8375,19184.0352,19184.0352
2019-09-30,28.4484,28.4484,76.9003,76.9003,290.578,290.578,65.302,65.302,0.708,0.708,2212.3061,2212.3061,51.1288,51.1288,34.3596,34.3596,238.9067,238.9067,669.3766,669.3766,5739.8032,5739.8032,195.0716,195.0716,14.3092,14.3092,8221.144,8221.144,324.1194,324.1194,291.4644,291.4644,8780.4184,8780.4184,9372.9636,9372.9636,18352.8352,18352.8352
2019-10-31,30.6504,30.6504,86.3465,86.3465,293.7379,293.7379,66.4814,66.4814,0.6883,0.6883,2221.3837,2221.3837,54.1554,54.1554,48.1564,48.1564,235.946,235.946,660.2486,660.2486,5803.8675,5803.8675,184.2449,184.2449,21.7509,21.7509,8146.7904,8146.7904,334.4821,334.4821,304.4438,304.4438,8705.7304,8705.7304,9472.4102,9472.4102,18230.4872,18230.4872
2019-11-30,24.526,24.526,71.4617,71.4617,265.3574,265.3574,61.3456,61.3456,1.3779,1.3779,1854.5801,1854.5801,39.905,39.905,50.2906,50.2906,208.9539,208.9539,590.9344,590.9344,5584.9297,5584.9297,192.8656,192.8656,32.7062,32.7062,8018.0037,8018.0037,289.8359,289.8359,274.2283,274.2283,8569.7772,8569.7772,8747.2594,8747.2594,17255.9852,17255.9852
2019-12-31,28.6621,28.6621,70.2645,70.2645,250.0919,250.0919,54.5913,54.5913,0.5225,0.5225,1508.4494,1508.4494,40.7824,40.7824,35.2511,35.2511,202.6352,202.6352,568.3492,568.3492,5268.2147,5268.2147,167.8849,167.8849,23.7742,23.7742,7936.669,7936.669,271.2983,271.2983,258.0064,258.0064,8394.4821,8394.4821,8056.3846,8056.3846,16283.3874,16283.3874
2020-01-31,31.285,31.285,82.0875,82.0875,282.7378,282.7378,60.3662,60.3662,0.4938,0.4938,1463.1696,1463.1696,46.3671,46.3671,41.6302,41.6302,209.0621,209.0621,622.6553,622.6553,5373.7307,5373.7307,185.4992,185.4992,19.5685,19.5685,8445.9341,8445.9341,282.3646,282.3646,290.3889,290.3889,8918.5704,8918.5704,8245.6406,8245.6406,17003.92,17003.92
2020-02-29,28.426,28.426,73.2148,73.2148,262.5352,262.5352,62.1507,62.1507,0.4779,0.4779,1518.6067,1518.6067,38.3923,38.3923,38.7315,38.7315,185.4269,185.4269,575.4461,575.4461,5280.878,5280.878,178.1698,178.1698,13.9912,13.9912,7898.4944,7898.4944,250.5503,250.5503,257.8648,257.8648,8329.0818,8329.0818,8082.5545,8082.5545,16419.7962,16419.7962
2020-03-31,16.3041,16.3041,57.3519,57.3519,292.0514,292.0514,56.3765,56.3765,0.8033,0.8033,1296.7966,1296.7966,23.899,23.899,49.6439,49.6439,147.8963,147.8963,448.7016,448.7016,5771.0836,5771.0836,116.1273,116.1273,6.3964,6.3964,4239.4005,4239.4005,169.3034,169.3034,292.0426,292.0426,4535.3958,4535.3958,8195.9591,8195.9591,12974.0004,12974.0004
2020-04-30,14.2739,14.2739,53.7015,53.7015,308.8698,308.8698,49.3634,49.3634,0.6151,0.6151,1251.6019,1251.6019,22.085,22.085,45.2245,45.2245,133.1142,133.1142,392.4933,392.4933,6180.5721,6180.5721,109.4334,109.4334,5.4393,5.4393,3256.7864,3256.7864,136.1244,136.1244,309.9454,309.9454,3506.0845,3506.0845,8444.0888,8444.0888,12034.9163,12034.9163
2020-05-31,16.395,16.395,57.6246,57.6246,311.5547,311.5547,45.9506,45.9506,0.4517,0.4517,1342.0113,1342.0113,21.7609,21.7609,43.7795,43.7795,141.4704,141.4704,398.4039,398.4039,6213.5094,6213.5094,123.4606,123.4606,6.5412,6.5412,3534.4932,3534.4932,135.892,135.892,310.59,310.59,3803.135,3803.135,8594.0633,8594.0633,12489.1855,12489.1855
2020-06-30,29.1676,29.1676,80.168,80.168,311.1075,311.1075,62.5022,62.5022,0.7553,0.7553,2099.2053,2099.2053,44.3903,44.3903,41.8419,41.8419,209.202,209.202,621.4679,621.4679,6381.0377,6381.0377,166.8998,166.8998,10.2128,10.2128,7307.8682,7307.8682,240.9884,240.9884,303.7681,303.7681,7715.15,7715.15,9860.0914,9860.0914,17721.1701,17721.1701
2020-07-31,31.1309,31.1309,81.5137,81.5137,333.091,333.091,64.1582,64.1582,2.3169,2.3169,2080.0767,2080.0767,39.8655,39.8655,50.5495,50.5495,232.1111,232.1111,663.2415,663.2415,6004.0507,6004.0507,180.7865,180.7865,16.4535,16.4535,7894.6987,7894.6987,261.3514,261.3514,326.1466,326.1466,8351.5609,8351.5609,9564.6933,9564.6933,18026.3593,18026.3593
2020-08-31,29.7193,29.7193,85.1989,85.1989,300.9937,300.9937,69.465,69.465,0.5459,0.5459,2150.8319,2150.8319,48.3802,48.3802,37.4352,37.4352,262.3975,262.3975,697.2984,697.2984,6191.2267,6191.2267,167.151,167.151,17.3251,17.3251,8255.4262,8255.4262,284.0839,284.0839,294.8672,294.8672,8719.4088,8719.4088,9862.4418,9862.4418,18583.2856,18583.2856
2020-09-30,28.6676,28.6676,83.1105,83.1105,278.8864,278.8864,74.8901,74.8901,1.023,1.023,2117.717,2117.717,49.1261,49.1261,36.4138,36.4138,242.3013,242.3013,720.1822,720.1822,5869.5859,5869.5859,172.1405,172.1405,18.8079,18.8079,7539.0652,7539.0652,287.176,287.176,279.8889,279.8889,8051.4106,8051.4106,9499.7278,9499.7278,17778.1148,17778.1148
2020-10-31,30.8865,30.8865,93.3195,93.3195,281.9191,281.9191,76.2427,76.2427,0.9945,0.9945,2126.4065,2126.4065,52.0341,52.0341,51.0355,51.0355,239.2984,239.2984,710.3614,710.3614,5935.0987,5935.0987,162.5865,162.5865,28.589,28.589,7470.8804,7470.8804,296.3575,296.3575,292.3528,292.3528,7982.9238,7982.9238,9600.5194,9600.5194,17659.5981,17659.5981
2020-11-30,24.7149,24.7149,77.2327,77.2327,254.6805,254.6805,70.3528,70.3528,1.9908,1.9908,1775.2859,1775.2859,38.342,38.342,53.2973,53.2973,211.9228,211.9228,635.7863,635.7863,5711.2105,5711.2105,170.1939,170.1939,42.9885,42.9885,7352.7787,7352.7787,256.8001,256.8001,263.3373,263.3373,7858.2583,7858.2583,8865.5613,8865.5613,16715.6127,16715.6127
2020-12-31,28.8829,28.8829,75.9388,75.9388,240.0293,240.0293,62.6067,62.6067,0.7549,0.7549,1443.9543,1443.9543,39.185,39.185,37.3587,37.3587,205.5144,205.5144,611.4869,611.4869,5387.3342,5387.3342,148.1497,148.1497,31.2485,31.2485,7278.192,7278.192,240.3755,240.3755,247.7596,247.7596,7697.5173,7697.5173,8165.3428,8165.3428,15773.4719,15773.4719
2021-01-31,31.526,31.526,88.7166,88.7166,271.3616,271.3616,69.2296,69.2296,0.7135,0.7135,1400.6105,1400.6105,44.5509,44.5509,44.1192,44.1192,212.0325,212.0325,669.9148,669.9148,5495.2361,5495.2361,163.6934,163.6934,25.7205,25.7205,7745.2053,7745.2053,250.1804,250.1804,278.8561,278.8561,8178.0923,8178.0923,8357.1584,8357.1584,16471.4409,16471.4409
2021-02-28,28.645,28.645,79.1273,79.1273,251.972,251.972,71.2761,71.2761,0.6904,0.6904,1453.6773,1453.6773,36.8885,36.8885,41.0471,41.0471,188.0616,188.0616,619.1225,619.1225,5400.2838,5400.2838,157.2255,157.2255,18.3898,18.3898,7243.1847,7243.1847,221.9924,221.9924,247.6237,247.6237,7637.547,7637.547,8191.8666,8191.8666,15905.609,15905.609
2021-03-31,27.5716,27.5716,89.305,89.305,281.3042,281.3042,90.3,90.3,1.8113,1.8113,1896.5234,1896.5234,46.9298,46.9298,57.9614,57.9614,210.9452,210.9452,739.3539,739.3539,6513.6617,6513.6617,163.7514,163.7514,17.2154,17.2154,8774.3128,8774.3128,272.3881,272.3881,277.4464,277.4464,9209.9826,9209.9826,9944.2626,9944.2626,19009.9875,19009.9875
2021-04-30,24.1383,24.1383,83.6208,83.6208,297.5038,297.5038,79.0669,79.0669,1.387,1.387,1830.4276,1830.4276,43.3676,43.3676,52.8015,52.8015,189.8614,189.8614,646.7359,646.7359,6975.8399,6975.8399,154.3123,154.3123,14.6395,14.6395,6740.5905,6740.5905,219.0073,219.0073,294.4544,294.4544,7119.7705,7119.7705,10245.3216,10245.3216,17634.0066,17634.0066
2021-05-31,27.7253,27.7253,89.7296,89.7296,300.0898,300.0898,73.6005,73.6005,1.0187,1.0187,1962.6484,1962.6484,42.7312,42.7312,51.1144,51.1144,201.7799,201.7799,656.4752,656.4752,7013.0154,7013.0154,174.0921,174.0921,17.6052,17.6052,7315.3619,7315.3619,218.6334,218.6334,295.0668,295.0668,7722.988,7722.988,10427.2876,10427.2876,18299.6187,18299.6187
2021-06-30,29.3923,29.3923,86.642,86.642,298.5899,298.5899,71.6792,71.6792,1.0913,1.0913,2009.4519,2009.4519,42.6516,42.6516,44.3435,44.3435,212.1745,212.1745,668.6372,668.6372,6525.3193,6525.3193,147.2803,147.2803,13.4235,13.4235,6701.5606,6701.5606,213.5204,213.5204,291.7039,291.7039,7074.5878,7074.5878,9993.4438,9993.4438,17166.2303,17166.2303
2021-07-31,31.3707,31.3707,88.0964,88.0964,319.6888,319.6888,73.5784,73.5784,3.3475,3.3475,1991.1412,1991.1412,38.304,38.304,53.5717,53.5717,235.4091,235.4091,713.5815,713.5815,6139.8083,6139.8083,159.5347,159.5347,21.6263,21.6263,7239.7039,7239.7039,231.5623,231.5623,313.1937,313.1937,7658.1597,7658.1597,9694.0505,9694.0505,17461.8624,17461.8624
2021-08-31,29.9483,29.9483,92.0792,92.0792,288.883,288.883,79.6644,79.6644,0.7888,0.7888,2058.8712,2058.8712,46.4852,46.4852,39.6733,39.6733,266.1258,266.1258,750.2233,750.2233,6331.2165,6331.2165,147.502,147.502,22.7718,22.7718,7570.5031,7570.5031,251.7038,251.7038,283.1565,283.1565,7995.4665,7995.4665,9995.8259,9995.8259,18001.3486,18001.3486
2021-09-30,28.8884,28.8884,89.8221,89.8221,267.6652,267.6652,85.886,85.886,1.478,1.478,2027.1721,2027.1721,47.2019,47.2019,38.5908,38.5908,245.744,245.744,774.844,774.844,6002.303,6002.303,151.905,151.905,24.7208,24.7208,6913.576,6913.576,254.4435,254.4435,268.7731,268.7731,7382.9299,7382.9299,9628.2064,9628.2064,17221.3917,17221.3917
2021-10-31,31.1245,31.1245,100.8556,100.8556,270.5759,270.5759,87.4372,87.4372,1.4368,1.4368,2035.4901,2035.4901,49.996,49.996,54.0867,54.0867,242.6985,242.6985,764.2778,764.2778,6069.2972,6069.2972,143.4741,143.4741,37.577,37.577,6851.0483,6851.0483,262.5785,262.5785,280.742,280.742,7320.1293,7320.1293,9730.3612,9730.3612,17106.5864,17106.5864
2021-11-30,24.9053,24.9053,83.4697,83.4697,244.4333,244.4333,80.6825,80.6825,2.8763,2.8763,1699.3819,1699.3819,36.8402,36.8402,56.4837,56.4837,214.9339,214.9339,684.0425,684.0425,5840.3467,5840.3467,150.1872,150.1872,56.5034,56.5034,6742.745,6742.745,227.5298,227.5298,252.8789,252.8789,7205.8143,7205.8143,8985.4632,8985.4632,16192.162,16192.162
2021-12-31,29.1054,29.1054,82.0713,82.0713,230.3716,230.3716,71.7991,71.7991,1.0907,1.0907,1382.2167,1382.2167,37.6501,37.6501,39.5922,39.5922,208.4344,208.4344,657.8987,657.8987,5509.1472,5509.1472,130.7344,130.7344,41.0725,41.0725,6674.3465,6674.3465,212.9773,212.9773,237.9198,237.9198,7058.4191,7058.4191,8275.7747,8275.7747,15279.5244,15279.5244
2022-01-31,31.7689,31.7689,95.881,95.881,260.4432,260.4432,79.3944,79.3944,1.0309,1.0309,1340.7262,1340.7262,42.8059,42.8059,46.7569,46.7569,215.0452,215.0452,720.7613,720.7613,5619.4888,5619.4888,144.4509,144.4509,33.8066,33.8066,7102.6134,7102.6134,221.6647,221.6647,267.7814,267.7814,7499.0936,7499.0936,8470.1845,8470.1845,15955.6365,15955.6365
2022-02-28,28.8656,28.8656,85.5173,85.5173,241.8337,241.8337,81.7414,81.7414,0.9976,0.9976,1391.524,1391.524,35.4436,35.4436,43.5012,43.5012,190.7336,190.7336,666.1138,666.1138,5522.3896,5522.3896,138.7433,138.7433,24.1713,24.1713,6642.2436,6642.2436,196.6895,196.6895,237.7893,237.7893,7003.4279,7003.4279,8302.6572,8302.6572,15407.5236,15407.5236
2022-03-31,27.784,27.784,96.5169,96.5169,269.9858,269.9858,103.5586,103.5586,2.617,2.617,1815.4358,1815.4358,45.0916,45.0916,61.4267,61.4267,213.9424,213.9424,795.4708,795.4708,6660.9421,6660.9421,144.5021,144.5021,22.6277,22.6277,8046.3395,8046.3395,241.3411,241.3411,266.4276,266.4276,8445.3097,8445.3097,10078.7533,10078.7533,18414.6883,18414.6883
2022-04-30,24.3243,24.3243,90.3736,90.3736,285.5335,285.5335,90.6761,90.6761,2.0039,2.0039,1752.1661,1752.1661,41.669,41.669,55.9583,55.9583,192.5591,192.5591,695.8231,695.8231,7133.5706,7133.5706,136.1725,136.1725,19.2419,19.2419,6181.3479,6181.3479,194.0446,194.0446,282.7601,282.7601,6528.6406,6528.6406,10383.884,10383.884,17081.7963,17081.7963
2022-05-31,27.9389,27.9389,96.9758,96.9758,288.0155,288.0155,84.4071,84.4071,1.4718,1.4718,1878.7336,1878.7336,41.0575,41.0575,54.1704,54.1704,204.6469,204.6469,706.3016,706.3016,7171.5866,7171.5866,153.6272,153.6272,23.14,23.14,6708.4325,6708.4325,193.7134,193.7134,283.3482,283.3482,7081.7751,7081.7751,10568.311,10568.311,17726.5648,17726.5648
2022-06-30,29.6187,29.6187,93.6388,93.6388,286.5759,286.5759,82.2037,82.2037,1.5767,1.5767,1923.536,1923.536,40.9809,40.9809,46.9946,46.9946,215.1891,215.1891,719.3868,719.3868,6672.8633,6672.8633,129.9672,129.9672,17.6437,17.6437,6145.5562,6145.5562,189.1831,189.1831,280.1189,280.1189,6487.2092,6487.2092,10128.5997,10128.5997,16628.6684,16628.6684
2022-07-31,31.6124,31.6124,95.2107,95.2107,306.8259,306.8259,84.3817,84.3817,4.8365,4.8365,1906.0082,1906.0082,36.8037,36.8037,56.7745,56.7745,238.7539,238.7539,767.7423,767.7423,6278.6355,6278.6355,140.781,140.781,28.4252,28.4252,6639.0516,6639.0516,205.1687,205.1687,300.7552,300.7552,7022.3292,7022.3292,9825.1573,9825.1573,16915.0428,16915.0428
2022-08-31,30.179,30.179,99.5151,99.5151,277.2596,277.2596,91.3613,91.3613,1.1396,1.1396,1970.8423,1970.8423,44.6644,44.6644,42.0452,42.0452,269.9071,269.9071,807.1652,807.1652,6474.3716,6474.3716,130.1628,130.1628,29.931,29.931,6942.4056,6942.4056,223.0144,223.0144,271.911,271.911,7331.6306,7331.6306,10131.014,10131.014,17437.635,17437.635
2022-09-30,29.1109,29.1109,97.0758,97.0758,256.8955,256.8955,98.4964,98.4964,2.1354,2.1354,1940.4986,1940.4986,45.353,45.353,40.898,40.898,249.2356,249.2356,833.6546,833.6546,6138.0211,6138.0211,134.0483,134.0483,32.4926,32.4926,6339.9814,6339.9814,225.4418,225.4418,258.0987,258.0987,6769.9508,6769.9508,9758.4227,9758.4227,16682.1025,16682.1025
2022-10-31,31.3642,31.3642,109.0003,109.0003,259.6891,259.6891,100.2754,100.2754,2.076,2.076,1948.4609,1948.4609,48.0377,48.0377,57.3204,57.3204,246.1469,246.1469,822.2864,822.2864,6206.53,6206.53,126.6084,126.6084,49.3906,49.3906,6282.6414,6282.6414,232.6496,232.6496,269.5923,269.5923,6712.3643,6712.3643,9861.959,9861.959,16570.8923,16570.8923
2022-11-30,25.0972,25.0972,90.2103,90.2103,234.5983,234.5983,92.529,92.529,4.1558,4.1558,1626.7234,1626.7234,35.3972,35.3972,59.8607,59.8607,217.9878,217.9878,735.9613,735.9613,5972.4027,5972.4027,132.5324,132.5324,74.2672,74.2672,6183.3237,6183.3237,201.5958,201.5958,242.8358,242.8358,6607.5405,6607.5405,9106.9867,9106.9867,15685.1031,15685.1031
2022-12-31,29.3297,29.3297,88.699,88.699,221.1024,221.1024,82.3412,82.3412,1.5758,1.5758,1323.1188,1323.1188,36.1754,36.1754,41.9593,41.9593,211.396,211.396,707.8332,707.8332,5633.7145,5633.7145,115.3663,115.3663,53.9851,53.9851,6120.5999,6120.5999,188.702,188.702,228.4708,228.4708,6472.383,6472.383,8387.7,8387.7,14801.0449,14801.0449
2023-01-31,32.0136,32.0136,103.6239,103.6239,249.9641,249.9641,91.0517,91.0517,1.4894,1.4894,1283.4022,1283.4022,41.1292,41.1292,49.5523,49.5523,218.1007,218.1007,775.467,775.467,5746.5511,5746.5511,127.4704,127.4704,44.4349,44.4349,6513.335,6513.335,196.3991,196.3991,257.1464,257.1464,6876.4699,6876.4699,8584.7391,8584.7391,15455.9845,15455.9845
2023-02-28,29.088,29.088,92.4233,92.4233,232.1033,232.1033,93.7433,93.7433,1.4413,1.4413,1332.0282,1332.0282,34.0553,34.0553,46.102,46.102,193.4437,193.4437,716.6718,716.6718,5647.2563,5647.2563,122.4337,122.4337,31.7704,31.7704,6091.1605,6091.1605,174.2707,174.2707,228.3455,228.3455,6421.9575,6421.9575,8414.9461,8414.9461,14925.0358,14925.0358
2023-03-31,27.9981,27.9981,104.3112,104.3112,259.1227,259.1227,118.7638,118.7638,3.7811,3.7811,1737.8153,1737.8153,43.3254,43.3254,65.0991,65.0991,216.9822,216.9822,855.847,855.847,6811.5526,6811.5526,127.5155,127.5155,29.7415,29.7415,7378.7636,7378.7636,213.8329,213.8329,255.8464,255.8464,7744.1248,7744.1248,10215.063,10215.063,17838.0309,17838.0309
2023-04-30,24.5116,24.5116,97.6718,97.6718,274.0449,274.0449,103.9898,103.9898,2.8953,2.8953,1677.2507,1677.2507,40.0368,40.0368,59.3039,59.3039,195.2951,195.2951,748.636,748.636,7294.8677,7294.8677,120.1652,120.1652,25.2913,25.2913,5668.5036,5668.5036,171.9273,171.9273,271.5303,271.5303,5986.5902,5986.5902,10524.3204,10524.3204,16546.8785,16546.8785
2023-05-31,28.1541,28.1541,104.8072,104.8072,276.427,276.427,96.8004,96.8004,2.1265,2.1265,1798.4067,1798.4067,39.4493,39.4493,57.409,57.409,207.5547,207.5547,759.9098,759.9098,7333.7433,7333.7433,135.568,135.568,30.4148,30.4148,6151.8579,6151.8579,171.6338,171.6338,272.095,272.095,6493.7998,6493.7998,10711.2416,10711.2416,17171.456,17171.456
2023-06-30,29.8469,29.8469,101.2007,101.2007,275.0453,275.0453,94.2735,94.2735,2.2781,2.2781,1841.2935,1841.2935,39.3758,39.3758,49.8042,49.8042,218.2467,218.2467,773.9882,773.9882,6823.7433,6823.7433,114.6893,114.6893,23.1906,23.1906,5635.6814,5635.6814,167.6199,167.6199,268.994,268.994,5948.5987,5948.5987,10265.5835,10265.5835,16107.9404,16107.9404
2023-07-31,31.8559,31.8559,102.8995,102.8995,294.4806,294.4806,96.7713,96.7713,6.9879,6.9879,1824.5151,1824.5151,35.3621,35.3621,60.1689,60.1689,242.1462,242.1462,826.0139,826.0139,6420.6016,6420.6016,124.2319,124.2319,37.3617,37.3617,6088.2333,6088.2333,181.7834,181.7834,288.8107,288.8107,6439.2895,6439.2895,9958.0372,9958.0372,16385.3469,16385.3469
2023-08-31,30.4115,30.4115,107.5515,107.5515,266.1038,266.1038,104.7757,104.7757,1.6466,1.6466,1886.5772,1886.5772,42.9149,42.9149,44.5589,44.5589,273.742,273.742,868.429,868.429,6620.7635,6620.7635,114.8619,114.8619,39.3408,39.3408,6366.4192,6366.4192,197.595,197.595,261.112,261.112,6722.9107,6722.9107,10268.0305,10268.0305,16891.5741,16891.5741
2023-09-30,29.3352,29.3352,104.9152,104.9152,246.5592,246.5592,112.9584,112.9584,3.0853,3.0853,1857.5309,1857.5309,43.5766,43.5766,43.3432,43.3432,252.7769,252.7769,896.929,896.929,6276.8078,6276.8078,118.2906,118.2906,42.7078,42.7078,5813.9759,5813.9759,199.7458,199.7458,247.8483,247.8483,6207.8652,6207.8652,9890.4,9890.4,16159.7011,16159.7011
2023-10-31,31.6058,31.6058,117.8027,117.8027,249.2403,249.2403,114.9985,114.9985,2.9994,2.9994,1865.1528,1865.1528,46.1561,46.1561,60.7474,60.7474,249.6443,249.6443,884.6979,884.6979,6346.8658,6346.8658,111.7253,111.7253,64.9182,64.9182,5761.3932,5761.3932,206.132,206.132,258.8854,258.8854,6155.0599,6155.0599,9995.3366,9995.3366,16051.9735,16051.9735
2023-11-30,25.2905,25.2905,97.4954,97.4954,225.1591,225.1591,106.1147,106.1147,6.0043,6.0043,1557.1714,1557.1714,34.0107,34.0107,63.4395,63.4395,221.0851,221.0851,791.8207,791.8207,6107.4446,6107.4446,116.9529,116.9529,97.6157,97.6157,5670.3155,5670.3155,178.6177,178.6177,233.1916,233.1916,6058.9393,6058.9393,9230.1538,9230.1538,15193.9229,15193.9229
2023-12-31,29.5556,29.5556,95.862,95.862,212.2062,212.2062,94.4311,94.4311,2.2768,2.2768,1266.5477,1266.5477,34.7584,34.7584,44.4678,44.4678,214.3996,214.3996,761.5577,761.5577,5761.0984,5761.0984,101.8047,101.8047,70.9572,70.9572,5612.7957,5612.7957,167.1936,167.1936,219.3971,219.3971,5935.0035,5935.0035,8501.1391,8501.1391,14337.549,14337.549
2024-01-31,32.2603,32.2603,111.9921,111.9921,239.9066,239.9066,104.4206,104.4206,2.152,2.152,1228.5292,1228.5292,39.5182,39.5182,52.5149,52.5149,221.1996,221.1996,834.3249,834.3249,5876.4863,5876.4863,112.486,112.486,58.4046,58.4046,5972.947,5972.947,174.0134,174.0134,246.9338,246.9338,6305.5404,6305.5404,8700.843,8700.843,14971.9791,14971.9791
2024-02-29,29.3121,29.3121,99.887,99.887,222.7645,222.7645,107.5074,107.5074,2.0824,2.0824,1275.0761,1275.0761,32.7214,32.7214,48.8582,48.8582,196.1922,196.1922,771.0672,771.0672,5774.9464,5774.9464,108.0414,108.0414,41.7586,41.7586,5585.7988,5585.7988,154.4072,154.4072,219.2767,219.2767,5888.7646,5888.7646,8528.7537,8528.7537,14457.6571,14457.6571
2024-03-31,28.2138,28.2138,112.7349,112.7349,248.6967,248.6967,136.2016,136.2016,5.463,5.463,1663.5134,1663.5134,41.6284,41.6284,68.9912,68.9912,220.0652,220.0652,920.8057,920.8057,6965.5685,6965.5685,112.5258,112.5258,39.0918,39.0918,6766.574,6766.574,189.46,189.46,245.6855,245.6855,7101.157,7101.157,10353.2161,10353.2161,17279.4316,17279.4316
2024-04-30,24.7005,24.7005,105.5594,105.5594,263.0185,263.0185,119.2584,119.2584,4.1832,4.1832,1605.5383,1605.5383,38.4686,38.4686,62.8494,62.8494,198.0699,198.0699,805.4575,805.4575,7459.8119,7459.8119,106.0395,106.0395,33.2425,33.2425,5198.2082,5198.2082,152.3309,152.3309,260.7465,260.7465,5489.5444,5489.5444,10666.6561,10666.6561,16028.7117,16028.7117
2024-05-31,28.371,28.371,113.271,113.271,265.3047,265.3047,111.0133,111.0133,3.0723,3.0723,1721.5142,1721.5142,37.9041,37.9041,60.8413,60.8413,210.5037,210.5037,817.5869,817.5869,7499.5665,7499.5665,119.6317,119.6317,39.9768,39.9768,5641.4604,5641.4604,152.0708,152.0708,261.2887,261.2887,5954.6421,5954.6421,10856.1053,10856.1053,16633.7305,16633.7305
2024-06-30,30.0768,30.0768,109.3733,109.3733,263.9787,263.9787,108.1154,108.1154,3.2914,3.2914,1762.5674,1762.5674,37.8334,37.8334,52.7818,52.7818,221.3476,221.3476,832.7338,832.7338,6978.0349,6978.0349,101.2073,101.2073,30.4814,30.4814,5168.1092,5168.1092,148.5144,148.5144,258.3109,258.3109,5454.7072,5454.7072,10404.4199,10404.4199,15603.519,15603.519
2024-07-31,32.1013,32.1013,111.2093,111.2093,282.6319,282.6319,110.98,110.98,10.0962,10.0962,1746.5064,1746.5064,33.977,33.977,63.7662,63.7662,245.5868,245.5868,888.7083,888.7083,6565.7778,6565.7778,109.6282,109.6282,49.1077,49.1077,5583.1145,5583.1145,161.0635,161.0635,277.3406,277.3406,5904.6576,5904.6576,10092.7142,10092.7142,15872.2385,15872.2385
2024-08-31,37.0,30.6458,62.0,116.2369,626.0,255.397,99.0,120.1596,15.0,2.379,1072.0,1805.915,27.0,41.234,41.0,47.2229,132.0,277.6315,381.0,934.3427,5160.0,6770.4656,44.0,101.3596,81.0,51.7089,966.0,5838.2202,90.0,175.073,468.0,250.7419,1181.0,6164.7307,7652.0,10406.9,8833.0,16362.6131
2024-09-30,67.2662,29.5612,153.0026,113.3878,286.8744,236.6387,108.5808,129.5438,14.4272,4.4577,1840.5837,1778.1105,91.4457,41.8697,35.5179,45.9345,254.7138,256.3685,791.4619,965.0058,6683.8573,6418.7327,142.8455,104.3853,58.6345,56.1344,3186.3166,5331.6111,175.9154,176.9786,239.5509,238.005,3564.6603,5692.4476,10356.6374,10024.1623,13824.7943,15653.6588
2024-10-31,71.0761,31.8493,170.9362,127.3159,291.1096,239.212,106.8652,131.8835,12.2225,4.3336,1866.9976,1785.4065,97.6946,44.3482,49.8431,64.3792,253.9099,253.1913,781.8964,951.8464,6736.7413,6490.3747,137.2032,98.5918,82.8318,85.3275,3274.1013,5283.391,185.9001,182.6369,253.1285,248.6038,3657.69,5644.0266,10463.7695,10130.5181,13901.3332,15549.3047
2024-11-30,55.778,25.4853,140.7609,105.3687,263.9948,216.0997,95.3298,121.6953,21.3222,8.6752,1574.6193,1490.5931,72.6087,32.6785,52.1181,67.2324,226.9658,224.2263,700.9117,851.9198,6461.7821,6245.54,146.0561,103.2049,115.7534,128.3046,3341.3403,5199.8697,164.9556,158.2587,230.6576,223.9303,3726.2326,5555.8865,9660.1864,9354.9866,13319.8889,14718.124
2024-12-31,63.9284,29.7833,137.7093,103.6034,249.765,203.6679,82.0121,108.2962,7.0457,3.2895,1293.8101,1212.3953,74.8453,33.397,36.5785,47.1264,222.161,217.4459,675.183,819.3599,6075.7553,5891.3625,129.2923,89.8373,78.1978,93.265,3429.5853,5147.1222,158.1139,148.1367,219.5369,210.6838,3777.4009,5442.2407,8894.8682,8616.1124,12723.5489,13888.5675
2025-01-31,68.4338,32.5088,160.0749,121.0362,283.4545,230.2538,87.6715,119.7524,5.8035,3.1092,1267.7812,1176.0024,85.8288,37.9703,43.2528,55.6545,231.3508,224.3425,740.8601,897.6501,6177.5309,6009.3595,145.2778,99.263,59.8176,76.7661,3784.4252,5477.393,168.516,154.1792,249.9648,237.1269,4153.2986,5782.0132,9101.4284,8818.5172,13449.7814,14503.1304
2025-02-28,60.9816,29.5379,142.0574,107.9535,264.2133,213.8014,87.2609,123.2924,4.8939,3.0087,1329.2441,1220.5591,71.6802,31.4397,40.2922,51.7793,207.115,198.9798,685.7652,829.5911,6051.2818,5905.5237,141.9016,95.3409,39.7476,54.8868,3669.8258,5122.3651,153.1207,136.8077,224.5497,210.5682,4014.1517,5399.8409,8919.0711,8644.1004,13147.3008,14004.9144
2025-03-31,57.5654,28.4311,159.5262,121.8389,296.1055,238.6902,106.8742,156.1997,11.1884,7.8931,1751.8816,1592.3885,91.9788,39.9978,56.9676,73.1159,234.4898,223.192,820.2259,990.6948,7275.4223,7123.067,150.2953,99.2982,34.5808,51.3816,4609.7555,6205.1757,192.3942,167.8652,254.5195,235.928,5009.5353,6511.5725,10824.1839,10493.2378,15906.3595,16738.3248
2025-04-30,49.4259,24.8908,148.6242,114.0839,314.3621,252.4357,90.4668,136.7688,7.4658,6.0439,1708.0829,1536.8921,85.7308,36.9619,51.9622,66.607,213.0268,200.8842,718.6052,866.5916,7766.6141,7628.4856,144.0313,93.5743,27.3292,43.6935,3672.0756,4766.9315,158.4055,134.9681,273.2635,250.3909,4007.7754,5033.7665,11148.9509,10810.9168,14936.2862,15526.7713
2025-05-31,55.6766,28.5896,158.6829,122.4183,318.3146,254.63,81.4113,127.3131,4.7784,4.439,1850.1575,1647.9094,85.2015,36.4194,50.3658,64.4788,228.5169,213.4946,730.5736,879.6417,7782.9139,7669.1391,165.2463,105.5687,30.544,52.5449,4132.3621,5173.4086,161.9334,134.7377,277.0164,250.9116,4499.0568,5460.2488,11343.9836,11002.9283,15690.4838,16112.8439
2025-06-30,57.8867,30.3085,152.4549,118.2058,317.9421,253.3573,76.649,123.9897,4.4611,4.7555,1913.6109,1687.2073,85.7766,36.3515,43.7495,55.9375,242.5361,224.4926,745.2783,895.9383,7218.4079,7135.8152,142.1653,89.3102,21.6439,40.0642,3925.4315,4739.3297,161.9449,131.5866,277.0443,248.052,4265.1666,5001.8217,10869.1414,10545.134,14899.5068,15114.8936
2025-07-31,60.5925,32.3486,154.2376,120.1901,341.7181,271.26,76.0629,127.2748,11.925,14.5872,1915.5253,1671.833,77.6979,32.6462,52.9213,67.5785,271.6123,249.0762,796.6247,956.1612,6770.1249,6714.2366,156.603,96.7412,32.4067,64.5464,4397.2499,5119.9035,179.8472,142.7054,300.9134,266.326,4778.1307,5414.4143,10540.7418,10229.2127,15342.2899,15375.1981
2025-08-31,56.7303,30.8819,160.4029,125.6238,309.9775,245.1209,79.6153,137.8023,2.4487,3.4372,2000.8974,1728.7015,95.1067,39.6189,39.2414,50.0462,309.9246,281.5762,838.8474,1005.2592,6958.7502,6923.5525,147.2445,89.4446,31.7128,67.9655,4767.975,5353.844,200.186,155.118,275.218,240.7837,5162.6912,5652.8944,10866.0177,10547.6477,16010.5897,15850.2166
2025-09-30,53.668,29.7889,155.6873,122.5445,288.3153,227.1174,82.9782,148.5644,3.9985,6.4406,1990.1971,1702.0858,97.4064,40.2297,38.2192,48.6808,288.865,260.0111,867.7387,1038.2497,6576.0366,6563.8666,154.2089,92.1146,31.995,73.7822,4515.0323,4889.2665,207.2255,156.8064,264.2759,228.5527,4933.5534,5219.8234,10463.6437,10159.7337,15505.051,15163.4633
2025-10-31,56.7078,32.0947,173.9357,137.5974,292.5719,229.5871,81.6671,151.2476,3.3874,6.2612,2018.7581,1709.0699,104.0626,42.6111,53.6339,68.2282,287.9533,256.7888,857.2513,1024.0915,6628.0675,6637.1286,148.1177,87.0021,45.1987,112.1532,4639.4237,4845.047,218.9874,161.8198,279.2549,238.7305,5062.3082,5175.4226,10571.8828,10267.5278,15590.8923,15062.377
2025-11-30,44.5022,25.6817,143.2308,113.8778,265.3208,207.4048,72.8517,139.5635,5.9094,12.534,1702.6136,1426.8615,77.3415,31.3985,56.082,71.2519,257.3966,227.4123,768.4618,916.5805,6357.5438,6386.7579,157.6749,91.0729,63.163,168.6416,4734.7019,4768.4552,194.315,140.2203,254.4648,215.0369,5157.1723,5094.6005,9759.9969,9481.5077,14938.7797,14257.2248
2025-12-31,51.005,30.0127,140.1257,111.97,251.0195,195.4732,62.6742,124.1971,1.9527,4.7527,1398.9786,1160.5583,79.7239,32.0889,39.3606,49.9439,251.9476,220.5355,740.2535,881.5492,5977.7442,6024.5721,139.5775,79.2768,42.6701,122.5861,4859.7457,4720.0839,186.2556,131.252,242.1963,202.3164,5227.9901,4990.3903,8986.7714,8732.6406,14269.9609,13453.6459
2026-01-31,54.5997,32.7592,162.8838,130.8106,284.8782,220.9894,66.9992,137.3353,1.6084,4.4922,1370.8339,1125.7214,91.4234,36.4831,46.5424,58.9819,262.3696,227.5301,812.2602,965.7817,6077.878,6145.2371,156.8347,87.5944,32.6406,100.9002,5362.5562,5022.9533,198.5092,136.6057,275.7648,227.7094,5748.2392,5301.9527,9195.4658,8937.7828,15084.4592,14048.9638
2026-02-28,48.6539,29.7655,144.55,116.6714,265.5404,205.199,66.6854,141.3951,1.3563,4.347,1437.2928,1168.3731,76.3525,30.2083,43.3566,54.875,234.8843,201.807,751.8556,892.5571,5953.6655,6039.0534,153.1899,84.1334,21.689,72.1424,5200.168,4697.3808,180.3737,121.2143,247.7265,202.2054,5555.6575,4951.5108,9011.2243,8761.0072,14745.2153,13566.3495
2026-03-31,45.9283,28.6501,162.3254,131.6781,297.5928,229.0864,81.674,179.134,3.1008,11.4041,1894.2848,1524.3045,97.9742,38.4311,61.3003,77.4872,265.9295,226.3632,899.2749,1065.8885,7158.0587,7284.1266,162.2514,87.6254,18.8696,67.5352,6532.0548,5690.3545,226.6373,148.7318,280.7895,226.5582,6933.2861,5970.9392,10936.0211,10635.1531,17839.6083,16214.1629
2026-04-30,39.4343,25.0825,151.2321,123.2969,315.9411,242.2788,69.1354,156.8502,2.0691,8.7323,1846.9259,1471.181,91.3189,35.5141,55.9142,70.5892,241.5887,203.7385,787.8605,932.3659,7641.3269,7800.9733,155.4891,82.5745,14.9127,57.43,5203.356,4371.4363,186.5992,119.5843,301.4682,240.4466,5546.8325,4615.8303,11264.1436,10957.1285,16751.6328,15040.5493
2026-05-31,44.4214,28.8098,161.4673,132.3043,319.9135,244.3848,62.2151,146.0062,1.3243,6.4135,2000.5491,1577.4515,90.7552,34.9929,54.1964,68.3337,259.1557,216.5281,800.9823,946.4065,7657.3637,7842.546,178.3918,93.1589,16.6669,69.0642,5855.5852,4744.1895,190.755,119.3802,305.6085,240.9467,6226.7747,5006.9032,11461.1913,11151.7369,17597.4951,15608.269
2026-06-30,46.1847,30.542,155.1301,127.7516,319.5391,243.1633,58.5757,142.1948,1.2364,6.8708,2069.1603,1615.0692,91.3677,34.9277,47.0769,59.2818,275.0545,227.6823,817.1042,963.94,7101.9641,7297.1631,153.4746,78.8116,11.8104,52.6598,5562.3631,4346.1245,190.7685,116.5883,305.6392,238.2006,5903.0665,4586.5378,10981.4431,10687.7512,16710.3833,14641.5695
2026-07-31,48.3435,32.5978,156.944,129.8961,343.4345,260.3457,58.1278,145.9623,3.305,21.0758,2071.2304,1600.3523,82.7625,31.3674,56.9462,71.6188,308.0292,252.6152,873.3991,1028.7338,6660.9125,6866.0521,169.0609,85.369,17.6833,84.8388,6230.9329,4695.1234,211.8572,126.4397,331.972,255.7489,6613.0179,4964.8743,10649.6503,10367.5572,17206.982,14893.7226
2026-08-31,45.2621,31.1198,163.2175,135.7686,311.5345,235.2583,60.8426,158.0354,0.6786,4.9661,2163.5421,1654.7893,101.306,38.0671,42.2259,53.0383,351.4783,285.577,919.691,1081.5583,6846.4951,7080.1009,158.9579,78.9302,17.3047,89.3328,6756.253,4909.6548,235.8159,137.4375,303.6244,231.221,7145.2566,5183.5542,10978.287,10690.2989,17956.5066,15353.8658
