year,division,population,Reported Crime (excl. Recovery),reported_per_100k_per_year
2019,Barishal,9325818,8176,87.6706
2019,Chattogram,34178581,19074,55.8069
2019,Dhaka,45643915,30176,66.1118
2019,Khulna,17813957,10920,61.3002
2019,Mymensingh,12637524,7793,61.6656
2019,Rajshahi,20794023,11164,53.6885
2019,Rangpur,18020073,12402,68.8233
2019,Sylhet,11415021,7642,66.9469
2020,Barishal,9325818,7911,84.829
2020,Chattogram,34178581,19900,58.2236
2020,Dhaka,45643915,29013,63.5638
2020,Khulna,17813957,11546,64.8143
2020,Mymensingh,12637524,8931,70.6705
2020,Rajshahi,20794023,11769,56.598
2020,Rangpur,18020073,13300,73.8066
2020,Sylhet,11415021,7422,65.0196
2021,Barishal,9325818,7510,80.5291
2021,Chattogram,34178581,20647,60.4092
2021,Dhaka,45643915,31111,68.1602
2021,Khulna,17813957,11995,67.3348
2021,Mymensingh,12637524,9384,74.2551
2021,Rajshahi,20794023,11732,56.4201
2021,Rangpur,18020073,13169,73.0796
2021,Sylhet,11415021,7674,67.2272
2022,Barishal,9325818,7209,77.3015
2022,Chattogram,34178581,19207,56.196
2022,Dhaka,45643915,33783,74.0142
2022,Khulna,17813957,12366,69.4175
2022,Mymensingh,12637524,9868,78.0849
2022,Rajshahi,20794023,13250,63.7202
2022,Rangpur,18020073,13590,75.4159
2022,Sylhet,11415021,7622,66.7717
2023,Barishal,9325818,7383,79.1673
2023,Chattogram,34178581,18751,54.8618
2023,Dhaka,45643915,32482,71.1639
2023,Khulna,17813957,11908,66.8465
2023,Mymensingh,12637524,8834,69.9029
2023,Rajshahi,20794023,13388,64.3839
2023,Rangpur,18020073,13840,76.8032
2023,Sylhet,11415021,7311,64.0472
2024,Barishal,9325818,9012,96.635
2024,Chattogram,34178581,20006,58.5337
2024,Dhaka,45643915,31784,69.6347
2024,Khulna,17813957,11975,67.2226
2024,Mymensingh,12637524,7508,59.4104
2024,Rajshahi,20794023,14050,67.5675
2024,Rangpur,18020073,13161,73.0352
2024,Sylhet,11415021,7291,63.872
2025,Barishal,9325818,10119,108.5052
2025,Chattogram,34178581,22003,64.3766
2025,Dhaka,45643915,36462,79.8836
2025,Khulna,17813957,12321,69.1649
2025,Mymensingh,12637524,7365,58.2788
2025,Rajshahi,20794023,14950,71.8957
2025,Rangpur,18020073,13938,77.3471
2025,Sylhet,11415021,8046,70.4861
2026,Barishal,9325818,6818,109.6633
2026,Chattogram,34178581,15786,69.2802
2026,Dhaka,45643915,23737,78.0071
2026,Khulna,17813957,8217,69.1901
2026,Mymensingh,12637524,4774,56.6646
2026,Rajshahi,20794023,9529,68.7385
2026,Rangpur,18020073,9361,77.9214
2026,Sylhet,11415021,5137,67.5032
