date,Murder,Murder (excl. backlog filings),backlog_murder_cases,backlog_note
2019-01-31,351,351,0,
2019-02-28,262,262,0,
2019-03-31,290,290,0,
2019-04-30,319,319,0,
2019-05-31,320,320,0,
2019-06-30,371,371,0,
2019-07-31,332,332,0,
2019-08-31,344,344,0,
2019-09-30,268,268,0,
2019-10-31,288,288,0,
2019-11-30,258,258,0,
2019-12-31,250,250,0,
2020-01-31,273,273,0,
2020-02-29,257,257,0,
2020-03-31,279,279,0,
2020-04-30,273,273,0,
2020-05-31,361,361,0,
2020-06-30,303,303,0,
2020-07-31,358,358,0,
2020-08-31,322,322,0,
2020-09-30,279,279,0,
2020-10-31,304,304,0,
2020-11-30,271,271,0,
2020-12-31,259,259,0,
2021-01-31,257,257,0,
2021-02-28,249,249,0,
2021-03-31,295,295,0,
2021-04-30,302,302,0,
2021-05-31,295,295,0,
2021-06-30,267,267,0,
2021-07-31,279,279,0,
2021-08-31,278,278,0,
2021-09-30,267,267,0,
2021-10-31,243,243,0,
2021-11-30,251,251,0,
2021-12-31,231,231,0,
2022-01-31,264,264,0,
2022-02-28,234,234,0,
2022-03-31,247,247,0,
2022-04-30,269,269,0,
2022-05-31,276,276,0,
2022-06-30,249,249,0,
2022-07-31,306,306,0,
2022-08-31,266,266,0,
2022-09-30,283,283,0,
2022-10-31,277,277,0,
2022-11-30,255,255,0,
2022-12-31,200,200,0,
2023-01-31,214,214,0,
2023-02-28,222,222,0,
2023-03-31,268,268,0,
2023-04-30,296,296,0,
2023-05-31,246,246,0,
2023-06-30,272,272,0,
2023-07-31,296,296,0,
2023-08-31,253,253,0,
2023-09-30,238,238,0,
2023-10-31,258,258,0,
2023-11-30,227,227,0,
2023-12-31,233,233,0,
2024-01-31,231,231,0,
2024-02-29,240,240,0,
2024-03-31,239,239,0,
2024-04-30,296,296,0,
2024-05-31,259,259,0,
2024-06-30,268,268,0,
2024-07-31,334,334,0,
2024-08-31,626,468,158,Murder cases of August 2024 include 158 cases that could not be filed earlier (incidents from 2009 to July 2024).
2024-09-30,283,283,0,
2024-10-31,249,249,0,
2024-11-30,211,211,0,
2024-12-31,204,204,0,
2025-01-31,294,294,0,
2025-02-28,300,217,83,February 2025 murder cases include 29 earlier-unfiled cases (2009 to 5 Aug 2024) and 54 cases for 6 Aug 2024 to 31 Jan 2025.
2025-03-31,316,239,77,March 2025 murder cases include 77 cases of earlier incidents (29 from 2009 to 5 Aug 2024; 48 from 6 Aug 2024 to 28 Feb 2025).
2025-04-30,336,267,69,April 2025 murder cases include 69 cases of earlier incidents (19 from 2009 to 5 Aug 2024; 50 from 6 Aug 2024 to 31 Mar 2025).
2025-05-31,341,261,80,May 2025 murder cases include 80 cases from the period before 30 April 2025.
2025-06-30,344,249,95,June 2025 murder cases include 95 cases from the period before 31 May 2025.
2025-07-31,362,272,90,July 2025 murder cases include 90 cases from the period before 30 June 2025.
2025-08-31,321,250,71,August 2025 murder cases include 71 cases from the period before 31 July 2025.
2025-09-30,297,229,68,September 2025 murder cases include 68 cases from the period before 31 August 2025.
2025-10-31,319,319,0,
2025-11-30,279,279,0,
2025-12-31,277,277,0,
2026-01-31,287,287,0,
2026-02-28,250,250,0,
2026-03-31,317,317,0,
2026-04-30,288,288,0,
2026-05-31,310,310,0,
2026-06-30,326,326,0,
2026-07-31,298,298,0,
2026-08-31,286,286,0,
