year,unit,Reported Crime (excl. Recovery),annualised
2019,BMP,860,860.0
2019,Barishal Range,7316,7316.0
2019,CMP,2752,2752.0
2019,Chittagong Range,16322,16322.0
2019,DMP,10768,10768.0
2019,Dhaka Range,17716,17716.0
2019,GMP,1692,1692.0
2019,KMP,622,622.0
2019,Khulna Range,10298,10298.0
2019,Mymensingh Range,7793,7793.0
2019,RMP,984,984.0
2019,RPMP,731,731.0
2019,Railway Range,263,263.0
2019,Rajshahi Range,10180,10180.0
2019,Rangpur Range,11671,11671.0
2019,SMP,1277,1277.0
2019,Sylhet Range,6365,6365.0
2020,BMP,847,847.0
2020,Barishal Range,7064,7064.0
2020,CMP,2935,2935.0
2020,Chittagong Range,16965,16965.0
2020,DMP,9827,9827.0
2020,Dhaka Range,17412,17412.0
2020,GMP,1774,1774.0
2020,KMP,549,549.0
2020,Khulna Range,10997,10997.0
2020,Mymensingh Range,8931,8931.0
2020,RMP,1011,1011.0
2020,RPMP,954,954.0
2020,Railway Range,192,192.0
2020,Rajshahi Range,10758,10758.0
2020,Rangpur Range,12346,12346.0
2020,SMP,1350,1350.0
2020,Sylhet Range,6072,6072.0
2021,BMP,777,777.0
2021,Barishal Range,6733,6733.0
2021,CMP,3602,3602.0
2021,Chittagong Range,17045,17045.0
2021,DMP,10887,10887.0
2021,Dhaka Range,18694,18694.0
2021,GMP,1530,1530.0
2021,KMP,705,705.0
2021,Khulna Range,11290,11290.0
2021,Mymensingh Range,9384,9384.0
2021,RMP,936,936.0
2021,RPMP,1057,1057.0
2021,Railway Range,211,211.0
2021,Rajshahi Range,10796,10796.0
2021,Rangpur Range,12112,12112.0
2021,SMP,1723,1723.0
2021,Sylhet Range,5951,5951.0
2022,BMP,853,853.0
2022,Barishal Range,6356,6356.0
2022,CMP,3519,3519.0
2022,Chittagong Range,15688,15688.0
2022,DMP,12349,12349.0
2022,Dhaka Range,19817,19817.0
2022,GMP,1617,1617.0
2022,KMP,683,683.0
2022,Khulna Range,11683,11683.0
2022,Mymensingh Range,9868,9868.0
2022,RMP,933,933.0
2022,RPMP,1059,1059.0
2022,Railway Range,372,372.0
2022,Rajshahi Range,12317,12317.0
2022,Rangpur Range,12531,12531.0
2022,SMP,1536,1536.0
2022,Sylhet Range,6086,6086.0
2023,BMP,904,904.0
2023,Barishal Range,6479,6479.0
2023,CMP,2982,2982.0
2023,Chittagong Range,15769,15769.0
2023,DMP,11940,11940.0
2023,Dhaka Range,18935,18935.0
2023,GMP,1607,1607.0
2023,KMP,931,931.0
2023,Khulna Range,10977,10977.0
2023,Mymensingh Range,8834,8834.0
2023,RMP,1046,1046.0
2023,RPMP,834,834.0
2023,Railway Range,396,396.0
2023,Rajshahi Range,12342,12342.0
2023,Rangpur Range,13006,13006.0
2023,SMP,1406,1406.0
2023,Sylhet Range,5905,5905.0
2024,BMP,1068,1068.0
2024,Barishal Range,7944,7944.0
2024,CMP,3030,3030.0
2024,Chittagong Range,16976,16976.0
2024,DMP,11287,11287.0
2024,Dhaka Range,18797,18797.0
2024,GMP,1700,1700.0
2024,KMP,902,902.0
2024,Khulna Range,11073,11073.0
2024,Mymensingh Range,7508,7508.0
2024,RMP,1110,1110.0
2024,RPMP,763,763.0
2024,Railway Range,418,418.0
2024,Rajshahi Range,12940,12940.0
2024,Rangpur Range,12398,12398.0
2024,SMP,1188,1188.0
2024,Sylhet Range,6103,6103.0
2025,BMP,1076,1076.0
2025,Barishal Range,9043,9043.0
2025,CMP,2990,2990.0
2025,Chittagong Range,19013,19013.0
2025,DMP,12102,12102.0
2025,Dhaka Range,22330,22330.0
2025,GMP,2030,2030.0
2025,KMP,980,980.0
2025,Khulna Range,11341,11341.0
2025,Mymensingh Range,7365,7365.0
2025,RMP,1171,1171.0
2025,RPMP,615,615.0
2025,Railway Range,401,401.0
2025,Rajshahi Range,13779,13779.0
2025,Rangpur Range,13323,13323.0
2025,SMP,1102,1102.0
2025,Sylhet Range,6944,6944.0
2026,BMP,773,1159.5
2026,Barishal Range,6045,9067.5
2026,CMP,2008,3012.0
2026,Chittagong Range,13778,20667.0
2026,DMP,6625,9937.5
2026,Dhaka Range,15708,23562.0
2026,GMP,1404,2106.0
2026,KMP,559,838.5
2026,Khulna Range,7658,11487.0
2026,Mymensingh Range,4774,7161.0
2026,RMP,763,1144.5
2026,RPMP,488,732.0
2026,Railway Range,236,354.0
2026,Rajshahi Range,8766,13149.0
2026,Rangpur Range,8873,13309.5
2026,SMP,694,1041.0
2026,Sylhet Range,4443,6664.5
