level_0,index,cluster
Narcotics,115.4409,Metro & port belt
Smuggling,118.8793,Metro & port belt
Arms Act,149.8049,Metro & port belt
Robbery,123.0414,Metro & port belt
Burglary,124.0873,Metro & port belt
Theft,102.4319,Metro & port belt
Dacoity,75.1792,Metro & port belt
Kidnapping,89.5013,Metro & port belt
Murder,85.7432,Metro & port belt
Woman & Child Repression,83.2668,Metro & port belt
Other Cases,84.1687,Metro & port belt
Speedy Trial,135.1462,Metro & port belt
Police Assault,119.666,Metro & port belt
Narcotics,79.8592,Northern agrarian ranges
Smuggling,182.2893,Northern agrarian ranges
Arms Act,49.9657,Northern agrarian ranges
Robbery,54.6945,Northern agrarian ranges
Burglary,41.1764,Northern agrarian ranges
Theft,90.1146,Northern agrarian ranges
Dacoity,64.55,Northern agrarian ranges
Kidnapping,49.1804,Northern agrarian ranges
Murder,117.2979,Northern agrarian ranges
Woman & Child Repression,112.6723,Northern agrarian ranges
Other Cases,122.1006,Northern agrarian ranges
Speedy Trial,48.8132,Northern agrarian ranges
Police Assault,75.0687,Northern agrarian ranges
Narcotics,94.4954,Dhaka–Barishal ring
Smuggling,7.7375,Dhaka–Barishal ring
Arms Act,70.3006,Dhaka–Barishal ring
Robbery,103.9865,Dhaka–Barishal ring
Burglary,113.3367,Dhaka–Barishal ring
Theft,104.5037,Dhaka–Barishal ring
Dacoity,163.1091,Dhaka–Barishal ring
Kidnapping,155.3538,Dhaka–Barishal ring
Murder,106.1212,Dhaka–Barishal ring
Woman & Child Repression,113.2886,Dhaka–Barishal ring
Other Cases,104.4833,Dhaka–Barishal ring
Speedy Trial,91.7448,Dhaka–Barishal ring
Police Assault,92.4127,Dhaka–Barishal ring
