series,date,cases
Dacoity + robbery + kidnapping,2019-01-31,146
Dacoity + robbery + kidnapping,2019-02-28,112
Dacoity + robbery + kidnapping,2019-03-31,101
Dacoity + robbery + kidnapping,2019-04-30,155
Dacoity + robbery + kidnapping,2019-05-31,149
Dacoity + robbery + kidnapping,2019-06-30,169
Dacoity + robbery + kidnapping,2019-07-31,178
Dacoity + robbery + kidnapping,2019-08-31,185
Dacoity + robbery + kidnapping,2019-09-30,190
Dacoity + robbery + kidnapping,2019-10-31,176
Dacoity + robbery + kidnapping,2019-11-30,149
Dacoity + robbery + kidnapping,2019-12-31,134
Dacoity + robbery + kidnapping,2020-01-31,161
Dacoity + robbery + kidnapping,2020-02-29,154
Dacoity + robbery + kidnapping,2020-03-31,143
Dacoity + robbery + kidnapping,2020-04-30,52
Dacoity + robbery + kidnapping,2020-05-31,89
Dacoity + robbery + kidnapping,2020-06-30,144
Dacoity + robbery + kidnapping,2020-07-31,152
Dacoity + robbery + kidnapping,2020-08-31,161
Dacoity + robbery + kidnapping,2020-09-30,187
Dacoity + robbery + kidnapping,2020-10-31,207
Dacoity + robbery + kidnapping,2020-11-30,155
Dacoity + robbery + kidnapping,2020-12-31,161
Dacoity + robbery + kidnapping,2021-01-31,165
Dacoity + robbery + kidnapping,2021-02-28,135
Dacoity + robbery + kidnapping,2021-03-31,153
Dacoity + robbery + kidnapping,2021-04-30,131
Dacoity + robbery + kidnapping,2021-05-31,145
Dacoity + robbery + kidnapping,2021-06-30,174
Dacoity + robbery + kidnapping,2021-07-31,107
Dacoity + robbery + kidnapping,2021-08-31,146
Dacoity + robbery + kidnapping,2021-09-30,146
Dacoity + robbery + kidnapping,2021-10-31,158
Dacoity + robbery + kidnapping,2021-11-30,141
Dacoity + robbery + kidnapping,2021-12-31,123
Dacoity + robbery + kidnapping,2022-01-31,160
Dacoity + robbery + kidnapping,2022-02-28,147
Dacoity + robbery + kidnapping,2022-03-31,166
Dacoity + robbery + kidnapping,2022-04-30,168
Dacoity + robbery + kidnapping,2022-05-31,141
Dacoity + robbery + kidnapping,2022-06-30,170
Dacoity + robbery + kidnapping,2022-07-31,167
Dacoity + robbery + kidnapping,2022-08-31,192
Dacoity + robbery + kidnapping,2022-09-30,196
Dacoity + robbery + kidnapping,2022-10-31,201
Dacoity + robbery + kidnapping,2022-11-30,155
Dacoity + robbery + kidnapping,2022-12-31,131
Dacoity + robbery + kidnapping,2023-01-31,165
Dacoity + robbery + kidnapping,2023-02-28,144
Dacoity + robbery + kidnapping,2023-03-31,179
Dacoity + robbery + kidnapping,2023-04-30,177
Dacoity + robbery + kidnapping,2023-05-31,179
Dacoity + robbery + kidnapping,2023-06-30,173
Dacoity + robbery + kidnapping,2023-07-31,172
Dacoity + robbery + kidnapping,2023-08-31,166
Dacoity + robbery + kidnapping,2023-09-30,177
Dacoity + robbery + kidnapping,2023-10-31,176
Dacoity + robbery + kidnapping,2023-11-30,137
Dacoity + robbery + kidnapping,2023-12-31,164
Dacoity + robbery + kidnapping,2024-01-31,194
Dacoity + robbery + kidnapping,2024-02-29,197
Dacoity + robbery + kidnapping,2024-03-31,214
Dacoity + robbery + kidnapping,2024-04-30,181
Dacoity + robbery + kidnapping,2024-05-31,196
Dacoity + robbery + kidnapping,2024-06-30,170
Dacoity + robbery + kidnapping,2024-07-31,160
Dacoity + robbery + kidnapping,2024-08-31,126
Dacoity + robbery + kidnapping,2024-09-30,226
Dacoity + robbery + kidnapping,2024-10-31,321
Dacoity + robbery + kidnapping,2024-11-30,247
Dacoity + robbery + kidnapping,2024-12-31,304
Dacoity + robbery + kidnapping,2025-01-31,347
Dacoity + robbery + kidnapping,2025-02-28,305
Dacoity + robbery + kidnapping,2025-03-31,314
Dacoity + robbery + kidnapping,2025-04-30,283
Dacoity + robbery + kidnapping,2025-05-31,326
Dacoity + robbery + kidnapping,2025-06-30,280
Dacoity + robbery + kidnapping,2025-07-31,334
Dacoity + robbery + kidnapping,2025-08-31,328
Dacoity + robbery + kidnapping,2025-09-30,315
Dacoity + robbery + kidnapping,2025-10-31,346
Dacoity + robbery + kidnapping,2025-11-30,277
Dacoity + robbery + kidnapping,2025-12-31,283
Dacoity + robbery + kidnapping,2026-01-31,302
Dacoity + robbery + kidnapping,2026-02-28,240
Dacoity + robbery + kidnapping,2026-03-31,283
Dacoity + robbery + kidnapping,2026-04-30,297
Dacoity + robbery + kidnapping,2026-05-31,299
Dacoity + robbery + kidnapping,2026-06-30,277
Dacoity + robbery + kidnapping,2026-07-31,285
Dacoity + robbery + kidnapping,2026-08-31,288
Dacoity,2019-01-31,32
Dacoity,2019-02-28,24
Dacoity,2019-03-31,20
Dacoity,2019-04-30,28
Dacoity,2019-05-31,24
Dacoity,2019-06-30,25
Dacoity,2019-07-31,38
Dacoity,2019-08-31,28
Dacoity,2019-09-30,38
Dacoity,2019-10-31,38
Dacoity,2019-11-30,22
Dacoity,2019-12-31,33
Dacoity,2020-01-31,39
Dacoity,2020-02-29,26
Dacoity,2020-03-31,26
Dacoity,2020-04-30,10
Dacoity,2020-05-31,11
Dacoity,2020-06-30,27
Dacoity,2020-07-31,23
Dacoity,2020-08-31,28
Dacoity,2020-09-30,28
Dacoity,2020-10-31,32
Dacoity,2020-11-30,29
Dacoity,2020-12-31,23
Dacoity,2021-01-31,33
Dacoity,2021-02-28,26
Dacoity,2021-03-31,23
Dacoity,2021-04-30,15
Dacoity,2021-05-31,23
Dacoity,2021-06-30,38
Dacoity,2021-07-31,22
Dacoity,2021-08-31,30
Dacoity,2021-09-30,23
Dacoity,2021-10-31,29
Dacoity,2021-11-30,28
Dacoity,2021-12-31,18
Dacoity,2022-01-31,30
Dacoity,2022-02-28,37
Dacoity,2022-03-31,35
Dacoity,2022-04-30,26
Dacoity,2022-05-31,24
Dacoity,2022-06-30,40
Dacoity,2022-07-31,37
Dacoity,2022-08-31,40
Dacoity,2022-09-30,47
Dacoity,2022-10-31,38
Dacoity,2022-11-30,29
Dacoity,2022-12-31,23
Dacoity,2023-01-31,27
Dacoity,2023-02-28,21
Dacoity,2023-03-31,30
Dacoity,2023-04-30,20
Dacoity,2023-05-31,35
Dacoity,2023-06-30,27
Dacoity,2023-07-31,39
Dacoity,2023-08-31,22
Dacoity,2023-09-30,21
Dacoity,2023-10-31,22
Dacoity,2023-11-30,25
Dacoity,2023-12-31,30
Dacoity,2024-01-31,29
Dacoity,2024-02-29,33
Dacoity,2024-03-31,25
Dacoity,2024-04-30,29
Dacoity,2024-05-31,31
Dacoity,2024-06-30,36
Dacoity,2024-07-31,27
Dacoity,2024-08-31,37
Dacoity,2024-09-30,57
Dacoity,2024-10-31,68
Dacoity,2024-11-30,47
Dacoity,2024-12-31,71
Dacoity,2025-01-31,71
Dacoity,2025-02-28,74
Dacoity,2025-03-31,60
Dacoity,2025-04-30,46
Dacoity,2025-05-31,67
Dacoity,2025-06-30,49
Dacoity,2025-07-31,59
Dacoity,2025-08-31,62
Dacoity,2025-09-30,50
Dacoity,2025-10-31,56
Dacoity,2025-11-30,44
Dacoity,2025-12-31,64
Dacoity,2026-01-31,52
Dacoity,2026-02-28,42
Dacoity,2026-03-31,39
Dacoity,2026-04-30,51
Dacoity,2026-05-31,42
Dacoity,2026-06-30,38
Dacoity,2026-07-31,53
Dacoity,2026-08-31,42
Robbery,2019-01-31,68
Robbery,2019-02-28,43
Robbery,2019-03-31,39
Robbery,2019-04-30,71
Robbery,2019-05-31,82
Robbery,2019-06-30,92
Robbery,2019-07-31,96
Robbery,2019-08-31,79
Robbery,2019-09-30,75
Robbery,2019-10-31,90
Robbery,2019-11-30,95
Robbery,2019-12-31,66
Robbery,2020-01-31,83
Robbery,2020-02-29,87
Robbery,2020-03-31,78
Robbery,2020-04-30,32
Robbery,2020-05-31,59
Robbery,2020-06-30,79
Robbery,2020-07-31,91
Robbery,2020-08-31,84
Robbery,2020-09-30,105
Robbery,2020-10-31,120
Robbery,2020-11-30,79
Robbery,2020-12-31,81
Robbery,2021-01-31,87
Robbery,2021-02-28,67
Robbery,2021-03-31,85
Robbery,2021-04-30,80
Robbery,2021-05-31,83
Robbery,2021-06-30,86
Robbery,2021-07-31,61
Robbery,2021-08-31,84
Robbery,2021-09-30,86
Robbery,2021-10-31,94
Robbery,2021-11-30,82
Robbery,2021-12-31,76
Robbery,2022-01-31,91
Robbery,2022-02-28,85
Robbery,2022-03-31,94
Robbery,2022-04-30,107
Robbery,2022-05-31,85
Robbery,2022-06-30,85
Robbery,2022-07-31,97
Robbery,2022-08-31,107
Robbery,2022-09-30,109
Robbery,2022-10-31,102
Robbery,2022-11-30,92
Robbery,2022-12-31,74
Robbery,2023-01-31,107
Robbery,2023-02-28,97
Robbery,2023-03-31,111
Robbery,2023-04-30,118
Robbery,2023-05-31,95
Robbery,2023-06-30,105
Robbery,2023-07-31,94
Robbery,2023-08-31,104
Robbery,2023-09-30,106
Robbery,2023-10-31,106
Robbery,2023-11-30,79
Robbery,2023-12-31,105
Robbery,2024-01-31,114
Robbery,2024-02-29,121
Robbery,2024-03-31,138
Robbery,2024-04-30,97
Robbery,2024-05-31,115
Robbery,2024-06-30,103
Robbery,2024-07-31,101
Robbery,2024-08-31,62
Robbery,2024-09-30,104
Robbery,2024-10-31,157
Robbery,2024-11-30,133
Robbery,2024-12-31,159
Robbery,2025-01-31,171
Robbery,2025-02-28,153
Robbery,2025-03-31,171
Robbery,2025-04-30,149
Robbery,2025-05-31,177
Robbery,2025-06-30,151
Robbery,2025-07-31,166
Robbery,2025-08-31,176
Robbery,2025-09-30,169
Robbery,2025-10-31,180
Robbery,2025-11-30,140
Robbery,2025-12-31,132
Robbery,2026-01-31,163
Robbery,2026-02-28,134
Robbery,2026-03-31,142
Robbery,2026-04-30,152
Robbery,2026-05-31,167
Robbery,2026-06-30,149
Robbery,2026-07-31,160
Robbery,2026-08-31,154
Kidnapping,2019-01-31,46
Kidnapping,2019-02-28,45
Kidnapping,2019-03-31,42
Kidnapping,2019-04-30,56
Kidnapping,2019-05-31,43
Kidnapping,2019-06-30,52
Kidnapping,2019-07-31,44
Kidnapping,2019-08-31,78
Kidnapping,2019-09-30,77
Kidnapping,2019-10-31,48
Kidnapping,2019-11-30,32
Kidnapping,2019-12-31,35
Kidnapping,2020-01-31,39
Kidnapping,2020-02-29,41
Kidnapping,2020-03-31,39
Kidnapping,2020-04-30,10
Kidnapping,2020-05-31,19
Kidnapping,2020-06-30,38
Kidnapping,2020-07-31,38
Kidnapping,2020-08-31,49
Kidnapping,2020-09-30,54
Kidnapping,2020-10-31,55
Kidnapping,2020-11-30,47
Kidnapping,2020-12-31,57
Kidnapping,2021-01-31,45
Kidnapping,2021-02-28,42
Kidnapping,2021-03-31,45
Kidnapping,2021-04-30,36
Kidnapping,2021-05-31,39
Kidnapping,2021-06-30,50
Kidnapping,2021-07-31,24
Kidnapping,2021-08-31,32
Kidnapping,2021-09-30,37
Kidnapping,2021-10-31,35
Kidnapping,2021-11-30,31
Kidnapping,2021-12-31,29
Kidnapping,2022-01-31,39
Kidnapping,2022-02-28,25
Kidnapping,2022-03-31,37
Kidnapping,2022-04-30,35
Kidnapping,2022-05-31,32
Kidnapping,2022-06-30,45
Kidnapping,2022-07-31,33
Kidnapping,2022-08-31,45
Kidnapping,2022-09-30,40
Kidnapping,2022-10-31,61
Kidnapping,2022-11-30,34
Kidnapping,2022-12-31,34
Kidnapping,2023-01-31,31
Kidnapping,2023-02-28,26
Kidnapping,2023-03-31,38
Kidnapping,2023-04-30,39
Kidnapping,2023-05-31,49
Kidnapping,2023-06-30,41
Kidnapping,2023-07-31,39
Kidnapping,2023-08-31,40
Kidnapping,2023-09-30,50
Kidnapping,2023-10-31,48
Kidnapping,2023-11-30,33
Kidnapping,2023-12-31,29
Kidnapping,2024-01-31,51
Kidnapping,2024-02-29,43
Kidnapping,2024-03-31,51
Kidnapping,2024-04-30,55
Kidnapping,2024-05-31,50
Kidnapping,2024-06-30,31
Kidnapping,2024-07-31,32
Kidnapping,2024-08-31,27
Kidnapping,2024-09-30,65
Kidnapping,2024-10-31,96
Kidnapping,2024-11-30,67
Kidnapping,2024-12-31,74
Kidnapping,2025-01-31,105
Kidnapping,2025-02-28,78
Kidnapping,2025-03-31,83
Kidnapping,2025-04-30,88
Kidnapping,2025-05-31,82
Kidnapping,2025-06-30,80
Kidnapping,2025-07-31,109
Kidnapping,2025-08-31,90
Kidnapping,2025-09-30,96
Kidnapping,2025-10-31,110
Kidnapping,2025-11-30,93
Kidnapping,2025-12-31,87
Kidnapping,2026-01-31,87
Kidnapping,2026-02-28,64
Kidnapping,2026-03-31,102
Kidnapping,2026-04-30,94
Kidnapping,2026-05-31,90
Kidnapping,2026-06-30,90
Kidnapping,2026-07-31,72
Kidnapping,2026-08-31,92
"Murder, excl. backlog filings",2019-01-31,351
"Murder, excl. backlog filings",2019-02-28,262
"Murder, excl. backlog filings",2019-03-31,290
"Murder, excl. backlog filings",2019-04-30,319
"Murder, excl. backlog filings",2019-05-31,320
"Murder, excl. backlog filings",2019-06-30,371
"Murder, excl. backlog filings",2019-07-31,332
"Murder, excl. backlog filings",2019-08-31,344
"Murder, excl. backlog filings",2019-09-30,268
"Murder, excl. backlog filings",2019-10-31,288
"Murder, excl. backlog filings",2019-11-30,258
"Murder, excl. backlog filings",2019-12-31,250
"Murder, excl. backlog filings",2020-01-31,273
"Murder, excl. backlog filings",2020-02-29,257
"Murder, excl. backlog filings",2020-03-31,279
"Murder, excl. backlog filings",2020-04-30,273
"Murder, excl. backlog filings",2020-05-31,361
"Murder, excl. backlog filings",2020-06-30,303
"Murder, excl. backlog filings",2020-07-31,358
"Murder, excl. backlog filings",2020-08-31,322
"Murder, excl. backlog filings",2020-09-30,279
"Murder, excl. backlog filings",2020-10-31,304
"Murder, excl. backlog filings",2020-11-30,271
"Murder, excl. backlog filings",2020-12-31,259
"Murder, excl. backlog filings",2021-01-31,257
"Murder, excl. backlog filings",2021-02-28,249
"Murder, excl. backlog filings",2021-03-31,295
"Murder, excl. backlog filings",2021-04-30,302
"Murder, excl. backlog filings",2021-05-31,295
"Murder, excl. backlog filings",2021-06-30,267
"Murder, excl. backlog filings",2021-07-31,279
"Murder, excl. backlog filings",2021-08-31,278
"Murder, excl. backlog filings",2021-09-30,267
"Murder, excl. backlog filings",2021-10-31,243
"Murder, excl. backlog filings",2021-11-30,251
"Murder, excl. backlog filings",2021-12-31,231
"Murder, excl. backlog filings",2022-01-31,264
"Murder, excl. backlog filings",2022-02-28,234
"Murder, excl. backlog filings",2022-03-31,247
"Murder, excl. backlog filings",2022-04-30,269
"Murder, excl. backlog filings",2022-05-31,276
"Murder, excl. backlog filings",2022-06-30,249
"Murder, excl. backlog filings",2022-07-31,306
"Murder, excl. backlog filings",2022-08-31,266
"Murder, excl. backlog filings",2022-09-30,283
"Murder, excl. backlog filings",2022-10-31,277
"Murder, excl. backlog filings",2022-11-30,255
"Murder, excl. backlog filings",2022-12-31,200
"Murder, excl. backlog filings",2023-01-31,214
"Murder, excl. backlog filings",2023-02-28,222
"Murder, excl. backlog filings",2023-03-31,268
"Murder, excl. backlog filings",2023-04-30,296
"Murder, excl. backlog filings",2023-05-31,246
"Murder, excl. backlog filings",2023-06-30,272
"Murder, excl. backlog filings",2023-07-31,296
"Murder, excl. backlog filings",2023-08-31,253
"Murder, excl. backlog filings",2023-09-30,238
"Murder, excl. backlog filings",2023-10-31,258
"Murder, excl. backlog filings",2023-11-30,227
"Murder, excl. backlog filings",2023-12-31,233
"Murder, excl. backlog filings",2024-01-31,231
"Murder, excl. backlog filings",2024-02-29,240
"Murder, excl. backlog filings",2024-03-31,239
"Murder, excl. backlog filings",2024-04-30,296
"Murder, excl. backlog filings",2024-05-31,259
"Murder, excl. backlog filings",2024-06-30,268
"Murder, excl. backlog filings",2024-07-31,334
"Murder, excl. backlog filings",2024-08-31,468
"Murder, excl. backlog filings",2024-09-30,283
"Murder, excl. backlog filings",2024-10-31,249
"Murder, excl. backlog filings",2024-11-30,211
"Murder, excl. backlog filings",2024-12-31,204
"Murder, excl. backlog filings",2025-01-31,294
"Murder, excl. backlog filings",2025-02-28,217
"Murder, excl. backlog filings",2025-03-31,239
"Murder, excl. backlog filings",2025-04-30,267
"Murder, excl. backlog filings",2025-05-31,261
"Murder, excl. backlog filings",2025-06-30,249
"Murder, excl. backlog filings",2025-07-31,272
"Murder, excl. backlog filings",2025-08-31,250
"Murder, excl. backlog filings",2025-09-30,229
"Murder, excl. backlog filings",2025-10-31,319
"Murder, excl. backlog filings",2025-11-30,279
"Murder, excl. backlog filings",2025-12-31,277
"Murder, excl. backlog filings",2026-01-31,287
"Murder, excl. backlog filings",2026-02-28,250
"Murder, excl. backlog filings",2026-03-31,317
"Murder, excl. backlog filings",2026-04-30,288
"Murder, excl. backlog filings",2026-05-31,310
"Murder, excl. backlog filings",2026-06-30,326
"Murder, excl. backlog filings",2026-07-31,298
"Murder, excl. backlog filings",2026-08-31,286
