series,pre_mean,post_mean,pct_change,ratio_lo,ratio_hi,p_value,cliffs_delta
Kidnapping,41.25,87.25,111.5152,1.911,2.3632,0.0,1.0
Dacoity,29.4167,54.3333,84.7025,1.6388,2.0862,0.0,0.9601
Robbery,104.1667,154.5417,48.36,1.3862,1.5868,0.0,0.9427
Arms Act,116.875,151.2917,29.4474,1.172,1.4376,0.0,0.7378
Riot,4.4167,5.2083,17.9245,0.4976,3.5253,0.0264,0.3715
Burglary,220.25,257.5417,16.9315,1.0766,1.264,0.001,0.5556
Murder,257.125,295.625,14.9733,1.0715,1.2313,0.0003,0.6042
Woman & Child Repression,1611.25,1764.0,9.4802,0.9836,1.2168,0.1147,0.2674
Other Cases,6443.4167,6771.7083,5.095,0.9948,1.1106,0.1147,0.2674
Murder (excl. backlog filings),257.125,269.25,4.7156,0.9766,1.1213,0.1767,0.2292
Theft,794.625,788.2917,-0.797,0.9367,1.0495,1.0,0.0017
Smuggling,196.4167,187.1667,-4.7094,0.8512,1.058,0.8608,-0.0312
Police Assault,54.5417,48.0,-11.9939,0.6918,1.0969,0.4031,-0.1424
Speedy Trial,95.625,79.3333,-17.037,0.7415,0.9235,0.0005,-0.5868
Narcotics,6206.25,4637.0833,-25.2837,0.6634,0.8365,0.0,-0.6979
Explosive Act,54.875,37.0417,-32.4981,0.4226,1.1077,0.4033,-0.1424
