date,observed,trend,seasonal_pct,resid_pct,series
2019-01-31,32.0,24.8303,36.084,-6.1192,Dacoity
2019-02-28,24.0,25.1668,-7.5924,3.3909,Dacoity
2019-03-31,20.0,25.5,-18.9837,-2.1861,Dacoity
2019-04-30,28.0,25.8292,6.6657,1.3363,Dacoity
2019-05-31,24.0,26.1534,-9.2597,1.4649,Dacoity
2019-06-30,25.0,26.4713,-2.2031,-3.2236,Dacoity
2019-07-31,38.0,26.7811,-34.2656,113.5607,Dacoity
2019-08-31,28.0,27.0815,5.6306,-2.2339,Dacoity
2019-09-30,38.0,27.3711,24.6469,10.2824,Dacoity
2019-10-31,38.0,27.6503,27.4371,6.8168,Dacoity
2019-11-30,22.0,27.9177,-9.7996,-11.8228,Dacoity
2019-12-31,33.0,28.1557,0.2081,16.3732,Dacoity
2020-01-31,39.0,28.1734,26.4332,8.4455,Dacoity
2020-02-29,26.0,28.1561,-3.0196,-4.5116,Dacoity
2020-03-31,26.0,28.0944,-12.1588,5.6467,Dacoity
2020-04-30,10.0,27.9909,-1.2149,-61.5904,Dacoity
2020-05-31,11.0,27.8496,-11.261,-53.1266,Dacoity
2020-06-30,27.0,27.6753,3.8673,-5.9905,Dacoity
2020-07-31,23.0,27.4664,-21.2739,7.0926,Dacoity
2020-08-31,28.0,27.2436,5.6402,-2.8039,Dacoity
2020-09-30,28.0,27.0246,8.5674,-4.6854,Dacoity
2020-10-31,32.0,26.828,22.5922,-3.2684,Dacoity
2020-11-30,29.0,26.6945,-6.8427,16.2816,Dacoity
2020-12-31,23.0,26.6062,-3.509,-9.9016,Dacoity
2021-01-31,33.0,26.5295,17.278,5.3085,Dacoity
2021-02-28,26.0,26.4652,1.0462,-2.7118,Dacoity
2021-03-31,23.0,26.4054,-5.3434,-7.4824,Dacoity
2021-04-30,15.0,26.3666,-8.5163,-36.0921,Dacoity
2021-05-31,23.0,26.3992,-12.8437,0.502,Dacoity
2021-06-30,38.0,26.5446,8.5945,30.3826,Dacoity
2021-07-31,22.0,26.7937,-4.7701,-13.1023,Dacoity
2021-08-31,30.0,27.1077,4.2088,5.8356,Dacoity
2021-09-30,23.0,27.4753,-3.3894,-12.7596,Dacoity
2021-10-31,29.0,27.8871,19.0452,-12.762,Dacoity
2021-11-30,28.0,28.3406,-4.1362,3.1037,Dacoity
2021-12-31,18.0,28.8508,-5.9314,-32.3366,Dacoity
2022-01-31,30.0,29.3927,8.3326,-5.8473,Dacoity
2022-02-28,37.0,29.912,4.8218,17.2749,Dacoity
2022-03-31,35.0,30.3477,0.3963,14.3875,Dacoity
2022-04-30,26.0,30.6689,-18.1384,4.1478,Dacoity
2022-05-31,24.0,30.8682,-13.8616,-8.9277,Dacoity
2022-06-30,40.0,30.9163,14.4401,12.2516,Dacoity
2022-07-31,37.0,30.8019,15.624,3.3432,Dacoity
2022-08-31,40.0,30.5396,1.7293,27.7854,Dacoity
2022-09-30,47.0,30.1761,-11.9798,74.9191,Dacoity
2022-10-31,38.0,29.7845,18.0282,7.3363,Dacoity
2022-11-30,29.0,29.3753,-3.0438,1.8649,Dacoity
2022-12-31,23.0,28.923,-9.3812,-11.491,Dacoity
2023-01-31,27.0,28.4267,3.1908,-7.7905,Dacoity
2023-02-28,21.0,27.9098,8.9056,-30.1242,Dacoity
2023-03-31,30.0,27.4226,0.2285,8.8195,Dacoity
2023-04-30,20.0,27.0316,-18.5729,-7.9969,Dacoity
2023-05-31,35.0,26.7927,-10.9676,45.4868,Dacoity
2023-06-30,27.0,26.7003,7.068,-5.591,Dacoity
2023-07-31,39.0,26.7451,21.5019,18.6563,Dacoity
2023-08-31,22.0,26.9095,-2.6851,-15.3168,Dacoity
2023-09-30,21.0,27.1939,-8.2578,-14.9451,Dacoity
2023-10-31,22.0,27.575,17.6759,-31.6002,Dacoity
2023-11-30,25.0,28.0557,-6.9846,-3.7972,Dacoity
2023-12-31,30.0,28.7002,2.7071,1.6253,Dacoity
2024-01-31,29.0,29.6017,5.2949,-6.8961,Dacoity
2024-02-29,33.0,30.8439,5.0112,1.6758,Dacoity
2024-03-31,25.0,32.4294,-4.1209,-18.8814,Dacoity
2024-04-30,29.0,34.3314,-15.2255,0.1601,Dacoity
2024-05-31,31.0,36.5458,-7.2627,-8.0961,Dacoity
2024-06-30,36.0,39.0038,-3.4736,-4.1805,Dacoity
2024-07-31,27.0,41.5474,18.0073,-44.2332,Dacoity
2024-08-31,37.0,44.0883,-3.0739,-13.0481,Dacoity
2024-09-30,57.0,46.5477,-6.0094,29.7819,Dacoity
2024-10-31,68.0,48.9036,16.7703,18.4092,Dacoity
2024-11-30,47.0,51.1654,-10.5987,2.9235,Dacoity
2024-12-31,71.0,53.251,17.251,13.1901,Dacoity
2025-01-31,71.0,55.0381,7.1657,19.8929,Dacoity
2025-02-28,74.0,56.3788,0.0967,30.5841,Dacoity
2025-03-31,60.0,57.13,-9.7255,16.2422,Dacoity
2025-04-30,46.0,57.2503,-9.3621,-10.9796,Dacoity
2025-05-31,67.0,56.8673,-4.744,23.3625,Dacoity
2025-06-30,49.0,56.1698,-12.1706,-0.4221,Dacoity
2025-07-31,59.0,55.2335,16.2695,-8.2321,Dacoity
2025-08-31,62.0,54.1623,-3.9302,18.8807,Dacoity
2025-09-30,50.0,53.0125,-2.8179,-2.8395,Dacoity
2025-10-31,56.0,51.9977,15.6036,-6.9649,Dacoity
2025-11-30,44.0,51.055,-14.2206,0.7782,Dacoity
2025-12-31,64.0,50.1333,34.2318,-5.2991,Dacoity
2026-01-31,52.0,49.2289,9.7014,-3.8145,Dacoity
2026-02-28,42.0,48.3452,-4.9358,-8.3342,Dacoity
2026-03-31,39.0,47.4855,-15.1471,-2.7743,Dacoity
2026-04-30,51.0,46.6538,-2.8029,12.267,Dacoity
2026-05-31,42.0,45.8524,-2.304,-6.0579,Dacoity
2026-06-30,38.0,45.0808,-19.7336,5.4414,Dacoity
2026-07-31,53.0,44.3388,13.1009,5.3071,Dacoity
2026-08-31,42.0,43.6247,-3.4009,-0.2484,Dacoity
2019-01-31,68.0,73.3712,-2.5117,-4.8318,Robbery
2019-02-28,43.0,73.9641,-39.9781,-2.2111,Robbery
2019-03-31,39.0,74.5397,-4.2667,-44.6877,Robbery
2019-04-30,71.0,75.0996,-7.2977,2.061,Robbery
2019-05-31,82.0,75.6458,7.8003,0.4546,Robbery
2019-06-30,92.0,76.1792,13.7428,5.9397,Robbery
2019-07-31,96.0,76.6991,23.853,0.7974,Robbery
2019-08-31,79.0,77.2004,2.6471,-0.3369,Robbery
2019-09-30,75.0,77.6721,-2.9309,-0.4796,Robbery
2019-10-31,90.0,78.0937,15.1292,-0.0658,Robbery
2019-11-30,95.0,78.4272,13.3439,6.636,Robbery
2019-12-31,66.0,78.6169,-12.6248,-3.6878,Robbery
2020-01-31,83.0,78.6711,0.1549,5.2704,Robbery
2020-02-29,87.0,78.7219,-31.0048,59.9874,Robbery
2020-03-31,78.0,78.8478,-1.2924,0.2337,Robbery
2020-04-30,32.0,79.1059,-2.0971,-57.9221,Robbery
2020-05-31,59.0,79.4741,3.0803,-27.6698,Robbery
2020-06-30,79.0,79.8416,7.1299,-7.6272,Robbery
2020-07-31,91.0,80.1091,15.1591,-1.5037,Robbery
2020-08-31,84.0,80.3003,2.9582,1.5467,Robbery
2020-09-30,105.0,80.5052,-0.4325,30.618,Robbery
2020-10-31,120.0,80.7994,11.4734,32.6979,Robbery
2020-11-30,79.0,81.1784,4.7867,-7.0977,Robbery
2020-12-31,81.0,81.6224,-11.5184,12.1664,Robbery
2021-01-31,87.0,82.0851,2.6363,3.195,Robbery
2021-02-28,67.0,82.5399,-21.0374,3.0844,Robbery
2021-03-31,85.0,82.9617,1.8635,0.5537,Robbery
2021-04-30,80.0,83.3295,3.4198,-7.1244,Robbery
2021-05-31,83.0,83.6518,-1.3444,0.5823,Robbery
2021-06-30,86.0,83.9987,1.1673,1.1735,Robbery
2021-07-31,61.0,84.4288,6.8854,-32.1001,Robbery
2021-08-31,84.0,84.9258,3.0844,-4.0373,Robbery
2021-09-30,86.0,85.4546,1.7992,-1.1477,Robbery
2021-10-31,94.0,86.048,7.9518,1.0962,Robbery
2021-11-30,82.0,86.7825,-2.6025,-2.9217,Robbery
2021-12-31,76.0,87.6766,-10.0604,-3.4548,Robbery
2022-01-31,91.0,88.7037,4.4442,-1.8041,Robbery
2022-02-28,85.0,89.8211,-9.5606,4.7018,Robbery
2022-03-31,94.0,90.9914,5.3217,-1.9475,Robbery
2022-04-30,107.0,92.189,9.2156,6.1145,Robbery
2022-05-31,85.0,93.3585,-5.445,-3.6098,Robbery
2022-06-30,85.0,94.4654,-3.098,-7.035,Robbery
2022-07-31,97.0,95.5277,-0.5149,2.0507,Robbery
2022-08-31,107.0,96.5633,2.9747,7.4996,Robbery
2022-09-30,109.0,97.5829,3.8976,7.3953,Robbery
2022-10-31,102.0,98.5348,4.9577,-1.4066,Robbery
2022-11-30,92.0,99.3741,-7.3812,0.0374,Robbery
2022-12-31,74.0,100.0867,-8.8209,-18.6286,Robbery
2023-01-31,107.0,100.6653,4.4388,1.716,Robbery
2023-02-28,97.0,101.1121,-3.7388,-0.2994,Robbery
2023-03-31,111.0,101.4841,8.4426,0.777,Robbery
2023-04-30,118.0,101.8591,9.2571,5.89,Robbery
2023-05-31,95.0,102.4029,-5.5534,-1.7003,Robbery
2023-06-30,105.0,103.2495,-5.6375,7.7538,Robbery
2023-07-31,94.0,104.3787,-2.7403,-7.3089,Robbery
2023-08-31,104.0,105.6837,4.506,-5.8218,Robbery
2023-09-30,106.0,107.0381,4.5518,-5.2726,Robbery
2023-10-31,106.0,108.3917,6.3384,-8.0166,Robbery
2023-11-30,79.0,109.7787,-8.5181,-21.0597,Robbery
2023-12-31,105.0,111.348,-8.8662,3.5287,Robbery
2024-01-31,114.0,113.3485,5.302,-4.4939,Robbery
2024-02-29,121.0,115.9287,-4.4512,9.1977,Robbery
2024-03-31,138.0,119.0645,5.9097,9.3112,Robbery
2024-04-30,97.0,122.6143,4.2517,-23.9544,Robbery
2024-05-31,115.0,126.3918,-0.7907,-8.2166,Robbery
2024-06-30,103.0,130.1727,-5.1011,-16.4534,Robbery
2024-07-31,101.0,133.7718,-0.0248,-24.2977,Robbery
2024-08-31,62.0,137.1533,4.937,-56.5439,Robbery
2024-09-30,104.0,140.3225,4.7986,-29.1038,Robbery
2024-10-31,157.0,143.4345,8.2683,1.038,Robbery
2024-11-30,133.0,146.7085,-10.0103,0.8107,Robbery
2024-12-31,159.0,150.1916,-9.4156,16.8259,Robbery
2025-01-31,171.0,153.6966,5.6801,5.2094,Robbery
2025-02-28,153.0,156.6486,-5.8809,3.7893,Robbery
2025-03-31,171.0,158.626,2.7758,4.8417,Robbery
2025-04-30,149.0,159.5893,0.1208,-6.7068,Robbery
2025-05-31,177.0,159.8745,4.0394,6.3493,Robbery
2025-06-30,151.0,159.7368,-4.7644,-0.7047,Robbery
2025-07-31,166.0,159.2984,2.6871,1.4545,Robbery
2025-08-31,176.0,158.635,5.0717,5.526,Robbery
2025-09-30,169.0,157.8231,5.0692,1.8732,Robbery
2025-10-31,180.0,156.9781,10.8423,3.3657,Robbery
2025-11-30,140.0,156.1655,-11.3398,1.189,Robbery
2025-12-31,132.0,155.3207,-9.9039,-5.5658,Robbery
2026-01-31,163.0,154.441,6.261,-0.7103,Robbery
2026-02-28,134.0,153.536,-7.8106,-5.2405,Robbery
2026-03-31,142.0,152.6163,-0.7856,-6.1738,Robbery
2026-04-30,152.0,151.6939,-4.3189,4.7234,Robbery
2026-05-31,167.0,150.781,9.7567,0.8465,Robbery
2026-06-30,149.0,149.8844,-4.2768,3.8556,Robbery
2026-07-31,160.0,149.0073,5.877,1.3705,Robbery
2026-08-31,154.0,148.149,5.4561,-1.4539,Robbery
2019-01-31,351.0,317.9477,4.9015,5.2063,Murder
2019-02-28,262.0,314.8035,-14.4402,-2.665,Murder
2019-03-31,290.0,311.7344,-5.0576,-1.993,Murder
2019-04-30,319.0,308.7427,0.4546,2.8441,Murder
2019-05-31,320.0,305.8351,6.4285,-1.7026,Murder
2019-06-30,371.0,303.0173,14.5676,6.8029,Murder
2019-07-31,332.0,300.2964,13.282,-2.436,Murder
2019-08-31,344.0,297.6749,15.3408,0.1468,Murder
2019-09-30,268.0,295.1561,-6.4995,-2.8556,Murder
2019-10-31,288.0,292.7433,0.1458,-1.7581,Murder
2019-11-30,258.0,290.4508,-8.6007,-2.7719,Murder
2019-12-31,250.0,288.3461,-12.1028,-1.3082,Murder
2020-01-31,273.0,287.5454,0.0948,-5.1309,Murder
2020-02-29,257.0,287.1562,-13.0693,2.9955,Murder
2020-03-31,279.0,287.0642,-3.0704,0.2796,Murder
2020-04-30,273.0,287.0762,2.8619,-7.5326,Murder
2020-05-31,361.0,287.121,5.819,18.7326,Murder
2020-06-30,303.0,287.2184,9.045,-3.2734,Murder
2020-07-31,358.0,287.3855,14.4822,8.7384,Murder
2020-08-31,322.0,287.5594,10.8888,0.9438,Murder
2020-09-30,279.0,287.6062,-3.819,0.8703,Murder
2020-10-31,304.0,287.3769,1.2809,4.4268,Murder
2020-11-30,271.0,286.7034,-6.9982,1.6559,Murder
2020-12-31,259.0,285.4757,-11.2024,2.2078,Murder
2021-01-31,257.0,283.6622,-4.1792,-5.4133,Murder
2021-02-28,249.0,281.3595,-11.7464,0.324,Murder
2021-03-31,295.0,278.8566,-1.2175,7.0721,Murder
2021-04-30,302.0,276.4597,5.3284,3.6806,Murder
2021-05-31,295.0,274.2456,4.9546,2.4636,Murder
2021-06-30,267.0,272.1453,4.4505,-6.0643,Murder
2021-07-31,279.0,270.0428,15.912,-10.8766,Murder
2021-08-31,278.0,267.9698,6.7513,-2.8311,Murder
2021-09-30,267.0,265.9592,-1.5968,2.0189,Murder
2021-10-31,243.0,264.0628,2.4565,-10.1534,Murder
2021-11-30,251.0,262.3479,-5.7433,1.5215,Murder
2021-12-31,231.0,260.9643,-10.2668,-1.3056,Murder
2022-01-31,264.0,260.1288,-7.6298,9.865,Murder
2022-02-28,234.0,259.8997,-10.7294,0.8988,Murder
2022-03-31,247.0,260.0845,0.4365,-5.4244,Murder
2022-04-30,269.0,260.3526,8.4433,-4.7348,Murder
2022-05-31,276.0,260.422,4.0547,1.83,Murder
2022-06-30,249.0,260.3055,0.8903,-5.1708,Murder
2022-07-31,306.0,260.1255,16.6097,0.8217,Murder
2022-08-31,266.0,259.9088,2.8377,-0.4892,Murder
2022-09-30,283.0,259.7237,0.1285,8.7877,Murder
2022-10-31,277.0,259.6163,3.0176,3.5456,Murder
2022-11-30,255.0,259.5198,-5.521,4.0073,Murder
2022-12-31,200.0,259.3281,-9.6251,-14.5667,Murder
2023-01-31,214.0,258.9038,-7.5583,-10.5134,Murder
2023-02-28,222.0,258.1669,-9.5312,-4.89,Murder
2023-03-31,268.0,257.1915,-0.4175,4.6231,Murder
2023-04-30,296.0,256.0765,10.1565,4.8779,Murder
2023-05-31,246.0,254.9065,1.7482,-5.1387,Murder
2023-06-30,272.0,253.8449,1.5788,5.459,Murder
2023-07-31,296.0,253.1327,17.3667,-0.4248,Murder
2023-08-31,253.0,252.8551,1.9076,-1.8159,Murder
2023-09-30,238.0,252.9157,-0.9917,-4.9315,Murder
2023-10-31,258.0,253.2575,3.3654,-1.4514,Murder
2023-11-30,227.0,253.8502,-6.6059,-4.2078,Murder
2023-12-31,233.0,254.8537,-9.1315,0.6493,Murder
2024-01-31,231.0,256.3993,-6.7523,-3.341,Murder
2024-02-29,240.0,258.5366,-9.8971,3.0575,Murder
2024-03-31,239.0,261.2809,1.131,-9.5184,Murder
2024-04-30,296.0,264.7689,7.943,3.528,Murder
2024-05-31,259.0,269.0303,3.1875,-6.6888,Murder
2024-06-30,268.0,273.642,5.0761,-6.786,Murder
2024-07-31,334.0,278.2077,15.1648,4.1832,Murder
2024-08-31,626.0,282.6345,2.031,116.6588,Murder
2024-09-30,283.0,286.9475,-2.6009,1.2628,Murder
2024-10-31,249.0,291.2256,3.5514,-17.3837,Murder
2024-11-30,211.0,295.5207,-7.9782,-22.3056,Murder
2024-12-31,204.0,299.801,-8.6206,-25.4193,Murder
2025-01-31,294.0,304.0463,-5.7716,2.63,Murder
2025-02-28,300.0,308.1144,-10.6088,8.9313,Murder
2025-03-31,316.0,311.6634,2.8622,-1.4341,Murder
2025-04-30,336.0,314.0217,5.3171,1.5758,Murder
2025-05-31,341.0,314.8871,4.583,3.5221,Murder
2025-06-30,344.0,314.4588,8.7208,0.5921,Murder
2025-07-31,362.0,313.0828,12.2912,2.924,Murder
2025-08-31,321.0,311.0743,2.1005,1.0579,Murder
2025-09-30,297.0,308.8327,-4.2029,0.4007,Murder
2025-10-31,319.0,306.1161,3.7262,0.452,Murder
2025-11-30,279.0,303.3566,-9.3125,1.4443,Murder
2025-12-31,277.0,300.591,-8.0562,0.2545,Murder
2026-01-31,287.0,297.8197,-4.2535,0.6608,Murder
2026-02-28,250.0,295.0428,-11.3022,-4.4114,Murder
2026-03-31,317.0,292.2628,4.8018,3.4669,Murder
2026-04-30,288.0,289.4864,2.2376,-2.6891,Murder
2026-05-31,310.0,286.7168,6.5576,1.4404,Murder
2026-06-30,326.0,283.9587,12.5854,1.9257,Murder
2026-07-31,298.0,281.214,9.1255,-2.9118,Murder
2026-08-31,286.0,278.4825,2.239,0.4409,Murder
2019-01-31,48.0,50.0308,-2.2307,-1.7888,Speedy Trial
2019-02-28,63.0,50.3641,14.4639,8.8558,Speedy Trial
2019-03-31,74.0,50.7261,38.5991,4.6144,Speedy Trial
2019-04-30,53.0,51.12,-49.8473,106.5833,Speedy Trial
2019-05-31,5.0,51.5463,-40.1564,-80.9194,Speedy Trial
2019-06-30,7.0,52.0031,35.1821,-88.8347,Speedy Trial
2019-07-31,7.0,52.4852,20.5137,-87.5886,Speedy Trial
2019-08-31,55.0,52.9808,10.4072,-6.0382,Speedy Trial
2019-09-30,50.0,53.4635,-3.776,-2.6847,Speedy Trial
2019-10-31,69.0,53.8768,28.3251,-0.5975,Speedy Trial
2019-11-30,46.0,54.1324,-5.5071,-9.7823,Speedy Trial
2019-12-31,54.0,54.529,-2.4736,1.5596,Speedy Trial
2020-01-31,53.0,56.1427,-2.4031,-3.173,Speedy Trial
2020-02-29,56.0,58.2531,6.7488,-9.8843,Speedy Trial
2020-03-31,72.0,60.6158,27.0561,-6.753,Speedy Trial
2020-04-30,37.0,63.1303,-36.8184,-6.2159,Speedy Trial
2020-05-31,44.0,65.7479,-30.3741,-3.1712,Speedy Trial
2020-06-30,86.0,68.4609,25.7914,-0.4302,Speedy Trial
2020-07-31,81.0,71.3103,13.5073,-0.0943,Speedy Trial
2020-08-31,91.0,74.321,7.1629,13.9797,Speedy Trial
2020-09-30,84.0,77.4077,-1.6439,10.2196,Speedy Trial
2020-10-31,103.0,80.4136,26.7463,0.7862,Speedy Trial
2020-11-30,86.0,83.1783,-4.9532,8.7381,Speedy Trial
2020-12-31,78.0,85.5938,-9.5678,0.8828,Speedy Trial
2021-01-31,92.0,87.6274,-2.9636,8.1385,Speedy Trial
2021-02-28,90.0,89.2626,0.3866,0.4287,Speedy Trial
2021-03-31,110.0,90.5095,17.0253,3.6518,Speedy Trial
2021-04-30,75.0,91.4457,-21.6913,4.9824,Speedy Trial
2021-05-31,116.0,92.1072,-19.8368,56.7573,Speedy Trial
2021-06-30,112.0,92.5429,17.2189,3.0551,Speedy Trial
2021-07-31,103.0,92.8866,7.2151,3.3174,Speedy Trial
2021-08-31,93.0,93.193,4.0659,-4.1039,Speedy Trial
2021-09-30,77.0,93.4159,0.8939,-18.1187,Speedy Trial
2021-10-31,70.0,93.5394,25.0265,-39.932,Speedy Trial
2021-11-30,100.0,93.6043,-4.7476,12.0817,Speedy Trial
2021-12-31,79.0,93.6828,-15.5196,0.0145,Speedy Trial
2022-01-31,94.0,93.7921,-3.6286,3.9928,Speedy Trial
2022-02-28,81.0,93.9239,-3.8746,-10.133,Speedy Trial
2022-03-31,95.0,94.0241,8.8452,-7.1829,Speedy Trial
2022-04-30,111.0,94.052,-4.0676,22.8264,Speedy Trial
2022-05-31,96.0,94.0108,-7.7983,10.7287,Speedy Trial
2022-06-30,98.0,93.8979,9.3858,-4.6287,Speedy Trial
2022-07-31,91.0,93.7671,1.8627,-4.6952,Speedy Trial
2022-08-31,98.0,93.7257,0.1872,4.317,Speedy Trial
2022-09-30,102.0,93.8536,2.6964,5.7373,Speedy Trial
2022-10-31,117.0,94.1126,23.1041,0.7793,Speedy Trial
2022-11-30,85.0,94.3868,-4.9593,-5.1362,Speedy Trial
2022-12-31,64.0,94.5832,-20.1214,-14.8663,Speedy Trial
2023-01-31,84.0,94.6797,-5.8118,-5.6802,Speedy Trial
2023-02-28,95.0,94.7329,-3.6731,4.1027,Speedy Trial
2023-03-31,99.0,94.7979,5.1657,-0.741,Speedy Trial
2023-04-30,109.0,94.9168,8.2628,5.93,Speedy Trial
2023-05-31,99.0,95.1682,-0.0719,4.0593,Speedy Trial
2023-06-30,104.0,95.6216,-0.0735,8.7512,Speedy Trial
2023-07-31,94.0,96.2855,-0.4887,-1.8697,Speedy Trial
2023-08-31,90.0,97.0377,-4.1116,-3.1985,Speedy Trial
2023-09-30,99.0,97.7477,9.0367,-7.1246,Speedy Trial
2023-10-31,65.0,98.3377,28.0273,-48.1048,Speedy Trial
2023-11-30,89.0,98.8274,-4.5782,-5.5189,Speedy Trial
2023-12-31,77.0,99.2993,-17.6389,-5.5777,Speedy Trial
2024-01-31,92.0,99.8243,-8.8083,1.1492,Speedy Trial
2024-02-29,108.0,100.4098,-8.9025,17.9886,Speedy Trial
2024-03-31,110.0,101.0708,8.6845,0.0585,Speedy Trial
2024-04-30,120.0,101.7491,9.9746,7.0816,Speedy Trial
2024-05-31,98.0,102.2888,1.4328,-5.5062,Speedy Trial
2024-06-30,95.0,102.443,-9.0737,2.066,Speedy Trial
2024-07-31,102.0,102.0497,-0.4471,0.4007,Speedy Trial
2024-08-31,99.0,101.0909,-8.6514,7.2287,Speedy Trial
2024-09-30,128.0,99.6893,16.2757,10.1837,Speedy Trial
2024-10-31,93.0,97.9946,31.9368,-28.0302,Speedy Trial
2024-11-30,91.0,96.1215,-2.5074,-2.8371,Speedy Trial
2024-12-31,90.0,94.1817,-14.8982,12.3438,Speedy Trial
2025-01-31,91.0,92.2499,-11.9083,11.9965,Speedy Trial
2025-02-28,83.0,90.304,-14.3992,7.476,Speedy Trial
2025-03-31,90.0,88.2907,14.2582,-10.8035,Speedy Trial
2025-04-30,88.0,86.1465,11.0472,-8.0329,Speedy Trial
2025-05-31,80.0,83.9082,5.0983,-9.2305,Speedy Trial
2025-06-30,64.0,81.7006,-17.1855,-5.0929,Speedy Trial
2025-07-31,89.0,79.653,-1.2077,12.9533,Speedy Trial
2025-08-31,66.0,77.8374,-13.0129,-2.3016,Speedy Trial
2025-09-30,92.0,76.2473,24.1689,-3.0414,Speedy Trial
2025-10-31,103.0,75.0527,35.9984,0.5506,Speedy Trial
2025-11-30,79.0,73.8299,0.2567,6.6355,Speedy Trial
2025-12-31,63.0,72.6046,-11.3102,-1.9604,Speedy Trial
2026-01-31,57.0,71.3905,-14.8121,-5.9479,Speedy Trial
2026-02-28,48.0,70.1937,-20.3522,-13.5866,Speedy Trial
2026-03-31,91.0,69.0193,20.4445,9.0895,Speedy Trial
2026-04-30,77.0,67.8721,11.0432,1.9904,Speedy Trial
2026-05-31,80.0,66.7525,9.2364,9.4441,Speedy Trial
2026-06-30,50.0,65.6587,-24.8886,1.8608,Speedy Trial
2026-07-31,59.0,64.5863,-1.8268,-6.8152,Speedy Trial
2026-08-31,52.0,63.531,-17.3617,-0.6138,Speedy Trial
2019-01-31,1.0,0.315,56.4439,-2.7838,Riot
2019-02-28,0.0,0.3385,0.3955,-25.5838,Riot
2019-03-31,4.0,0.362,226.1521,12.5603,Riot
2019-04-30,0.0,0.3856,-32.6639,7.1776,Riot
2019-05-31,0.0,0.4097,-45.1912,29.4223,Riot
2019-06-30,0.0,0.4345,-32.8345,3.7914,Riot
2019-07-31,0.0,0.4598,-26.1923,-7.1879,Riot
2019-08-31,0.0,0.4856,-20.2432,-15.6006,Riot
2019-09-30,0.0,0.5115,-43.0653,16.201,Riot
2019-10-31,1.0,0.5372,9.3754,18.9507,Riot
2019-11-30,1.0,0.5614,99.1823,-35.6919,Riot
2019-12-31,1.0,0.5798,54.5476,-18.0829,Riot
2020-01-31,2.0,0.5934,24.9056,50.731,Riot
2020-02-29,1.0,0.6073,-5.1613,31.2032,Riot
2020-03-31,2.0,0.6227,101.3428,-8.1797,Riot
2020-04-30,0.0,0.6364,-34.1641,-7.178,Riot
2020-05-31,0.0,0.6466,-29.8126,-13.4704,Riot
2020-06-30,0.0,0.6529,-35.5213,-6.1685,Riot
2020-07-31,1.0,0.6557,-20.9774,52.8572,Riot
2020-08-31,1.0,0.6535,5.9272,14.1869,Riot
2020-09-30,0.0,0.643,-34.7218,-6.764,Riot
2020-10-31,0.0,0.6232,-1.6549,-37.3567,Riot
2020-11-30,4.0,0.6013,130.1346,35.676,Riot
2020-12-31,2.0,0.5835,55.915,21.5124,Riot
2021-01-31,0.0,0.5741,2.8319,-38.2205,Riot
2021-02-28,1.0,0.5744,-11.2178,43.0852,Riot
2021-03-31,1.0,0.582,26.2434,0.1448,Riot
2021-04-30,8.0,0.59,-35.6972,780.2937,Riot
2021-05-31,0.0,0.594,-8.5361,-31.4105,Riot
2021-06-30,3.0,0.5927,-38.6767,309.5377,Riot
2021-07-31,0.0,0.5857,-12.7959,-27.6823,Riot
2021-08-31,2.0,0.5743,37.3173,38.7777,Riot
2021-09-30,0.0,0.5632,-23.2658,-16.632,Riot
2021-10-31,1.0,0.5566,-11.801,45.677,Riot
2021-11-30,5.0,0.5521,159.0178,49.2434,Riot
2021-12-31,2.0,0.5458,53.5325,26.4026,Riot
2022-01-31,0.0,0.535,-17.371,-21.1577,Riot
2022-02-28,0.0,0.5154,-18.7079,-18.8226,Riot
2022-03-31,0.0,0.4904,-17.6368,-18.5347,Riot
2022-04-30,0.0,0.4674,-37.4644,8.9737,Riot
2022-05-31,1.0,0.4504,24.0655,11.1416,Riot
2022-06-30,0.0,0.4392,-41.7761,19.3364,Riot
2022-07-31,0.0,0.4353,-4.1017,-27.3471,Riot
2022-08-31,1.0,0.4409,63.8825,-15.3031,Riot
2022-09-30,7.0,0.4581,-8.9884,502.8306,Riot
2022-10-31,0.0,0.4879,-17.9842,-18.056,Riot
2022-11-30,3.0,0.5275,173.3357,-4.1943,Riot
2022-12-31,1.0,0.576,37.092,-7.4319,Riot
2023-01-31,1.0,0.6373,-22.3381,57.2879,Riot
2023-02-28,0.0,0.7191,-26.8904,-20.4341,Riot
2023-03-31,0.0,0.8235,-29.911,-21.7587,Riot
2023-04-30,0.0,0.9432,-35.5234,-20.1872,Riot
2023-05-31,3.0,1.0703,57.5151,22.6631,Riot
2023-06-30,0.0,1.2077,-39.0498,-25.6846,Riot
2023-07-31,3.0,1.3637,9.7792,54.1489,Riot
2023-08-31,0.0,1.5406,52.9435,-74.2649,Riot
2023-09-30,2.0,1.7335,11.5436,-1.6081,Riot
2023-10-31,12.0,1.9449,-23.6928,478.5009,Riot
2023-11-30,7.0,2.1923,114.904,16.6112,Riot
2023-12-31,0.0,2.4938,-5.8078,-69.6134,Riot
2024-01-31,1.0,2.8425,-17.7199,-36.741,Riot
2024-02-29,2.0,3.2146,-19.9502,-11.0791,Riot
2024-03-31,6.0,3.6097,-41.7551,160.7137,Riot
2024-04-30,3.0,4.0448,-22.5397,2.3615,Riot
2024-05-31,0.0,4.5353,73.8224,-89.6066,Riot
2024-06-30,2.0,5.0875,-11.1599,-44.5277,Riot
2024-07-31,52.0,5.6373,19.3393,569.1109,Riot
2024-08-31,15.0,6.1133,28.201,75.451,Riot
2024-09-30,19.0,6.4858,31.7966,102.7163,Riot
2024-10-31,5.0,6.7341,-30.156,11.0747,Riot
2024-11-30,11.0,6.8301,67.4167,-8.4589,Riot
2024-12-31,9.0,6.719,-35.6503,101.3213,Riot
2025-01-31,8.0,6.4003,-17.216,46.9091,Riot
2025-02-28,10.0,5.9366,-14.6773,85.8582,Riot
2025-03-31,16.0,5.3725,-49.9473,432.9774,Riot
2025-04-30,3.0,4.7842,-0.9725,-30.1666,Riot
2025-05-31,8.0,4.21,93.678,-10.8076,Riot
2025-06-30,8.0,3.6892,28.3664,49.519,Riot
2025-07-31,4.0,3.2278,32.0127,-10.414,Riot
2025-08-31,2.0,2.8202,11.7377,-29.7188,Riot
2025-09-30,3.0,2.4685,53.5412,-24.8915,Riot
2025-10-31,1.0,2.2499,-36.362,-3.2962,Riot
2025-11-30,3.0,2.0609,28.0617,2.046,Riot
2025-12-31,0.0,1.8885,-55.982,-21.3493,Riot
2026-01-31,1.0,1.7297,-17.2679,-11.4406,Riot
2026-02-28,1.0,1.5835,-7.5261,-16.2849,Riot
2026-03-31,0.0,1.4488,-56.9892,-5.0555,Riot
2026-04-30,3.0,1.3249,28.1374,34.2729,Riot
2026-05-31,4.0,1.2108,112.2296,6.5642,Riot
2026-06-30,3.0,1.1056,92.5192,-1.3246,Riot
2026-07-31,2.0,1.0082,43.158,4.3524,Riot
2026-08-31,1.0,0.9177,-4.6715,9.4052,Riot
2019-01-31,1139.0,1530.1154,-22.2216,-4.2722,Woman & Child Repression
2019-02-28,1217.0,1565.3542,-21.1272,-1.4107,Woman & Child Repression
2019-03-31,1366.0,1601.0173,-14.0589,-0.7111,Woman & Child Repression
2019-04-30,1971.0,1637.1122,17.6046,2.362,Woman & Child Repression
2019-05-31,2041.0,1673.6492,20.0705,1.5537,Woman & Child Repression
2019-06-30,2100.0,1710.611,21.4356,1.0823,Woman & Child Repression
2019-07-31,2083.0,1747.9369,-14.6737,39.6499,Woman & Child Repression
2019-08-31,1937.0,1785.5061,7.3159,1.0846,Woman & Child Repression
2019-09-30,2276.0,1823.1136,20.2466,3.8098,Woman & Child Repression
2019-10-31,2101.0,1860.3962,11.5006,1.2784,Woman & Child Repression
2019-11-30,1923.0,1896.6051,3.4635,-2.0031,Woman & Child Repression
2019-12-31,1610.0,1930.0433,-15.9577,-0.7329,Woman & Child Repression
2020-01-31,1624.0,1952.3622,-21.9201,6.5446,Woman & Child Repression
2020-02-29,1740.0,1973.0644,-20.6527,11.1489,Woman & Child Repression
2020-03-31,1803.0,1992.9452,-8.8755,-0.714,Woman & Child Repression
2020-04-30,925.0,2011.3852,12.528,-59.1079,Woman & Child Repression
2020-05-31,1168.0,2027.4126,18.0745,-51.1908,Woman & Child Repression
2020-06-30,1739.0,2041.3705,19.2856,-28.5789,Woman & Child Repression
2020-07-31,1912.0,2053.3717,-8.2466,1.4878,Woman & Child Repression
2020-08-31,2313.0,2062.9768,10.7607,1.2215,Woman & Child Repression
2020-09-30,2339.0,2068.2575,17.7509,-3.9634,Woman & Child Repression
2020-10-31,2982.0,2067.4889,10.1891,30.8764,Woman & Child Repression
2020-11-30,2202.0,2060.3522,0.645,6.1867,Woman & Child Repression
2020-12-31,1770.0,2047.5528,-18.5476,6.1371,Woman & Child Repression
2021-01-31,1641.0,2030.1299,-21.847,3.4403,Woman & Child Repression
2021-02-28,1597.0,2009.7115,-19.9986,-0.6589,Woman & Child Repression
2021-03-31,2000.0,1988.6626,-3.9137,4.6661,Woman & Child Repression
2021-04-30,1855.0,1967.9334,8.162,-12.8491,Woman & Child Repression
2021-05-31,1849.0,1947.2851,16.3257,-18.3712,Woman & Child Repression
2021-06-30,2268.0,1926.5636,17.3536,0.3065,Woman & Child Repression
2021-07-31,1817.0,1906.3208,-1.3218,-3.4063,Woman & Child Repression
2021-08-31,2079.0,1887.0374,14.4535,-3.7449,Woman & Child Repression
2021-09-30,2135.0,1869.2458,15.3532,-0.9914,Woman & Child Repression
2021-10-31,1966.0,1854.0152,9.0831,-2.7926,Woman & Child Repression
2021-11-30,1503.0,1842.3805,-1.6095,-17.0761,Woman & Child Repression
2021-12-31,1426.0,1834.6607,-20.4735,-2.2493,Woman & Child Repression
2022-01-31,1433.0,1829.9669,-22.104,0.5434,Woman & Child Repression
2022-02-28,1454.0,1826.2248,-19.1586,-1.4998,Woman & Child Repression
2022-03-31,1976.0,1821.379,1.4966,6.8849,Woman & Child Repression
2022-04-30,1876.0,1814.9891,2.4399,0.8979,Woman & Child Repression
2022-05-31,2001.0,1806.4483,11.8158,-0.9407,Woman & Child Repression
2022-06-30,2039.0,1794.9584,15.8657,-1.9655,Woman & Child Repression
2022-07-31,1962.0,1780.6465,5.9424,3.9989,Woman & Child Repression
2022-08-31,2215.0,1764.2045,18.265,6.1497,Woman & Child Repression
2022-09-30,2080.0,1746.7986,13.3082,5.0799,Woman & Child Repression
2022-10-31,1942.0,1729.5243,7.787,4.1667,Woman & Child Repression
2022-11-30,1586.0,1712.362,-4.2285,-3.2855,Woman & Child Repression
2022-12-31,1202.0,1694.9086,-22.7217,-8.2078,Woman & Child Repression
2023-01-31,1265.0,1676.8442,-25.8197,1.7169,Woman & Child Repression
2023-02-28,1295.0,1658.2757,-16.8246,-6.0944,Woman & Child Repression
2023-03-31,1652.0,1639.2948,2.2474,-1.4405,Woman & Child Repression
2023-04-30,1448.0,1620.3431,6.0415,-15.7213,Woman & Child Repression
2023-05-31,1867.0,1602.9087,15.2877,1.0216,Woman & Child Repression
2023-06-30,1830.0,1588.3983,14.3769,0.7203,Woman & Child Repression
2023-07-31,1794.0,1576.9961,11.6563,1.8768,Woman & Child Repression
2023-08-31,1851.0,1568.0382,17.8142,0.1866,Woman & Child Repression
2023-09-30,1699.0,1560.2364,10.9681,-1.8745,Woman & Child Repression
2023-10-31,1621.0,1552.3643,7.4691,-2.8386,Woman & Child Repression
2023-11-30,1426.0,1544.0808,-5.3936,-2.377,Woman & Child Repression
2023-12-31,1193.0,1535.4686,-24.3165,2.6784,Woman & Child Repression
2024-01-31,1043.0,1526.6183,-26.7532,-6.6967,Woman & Child Repression
2024-02-29,1371.0,1518.5858,-13.5695,4.4629,Woman & Child Repression
2024-03-31,1509.0,1512.7083,-4.1245,4.0464,Woman & Child Repression
2024-04-30,1623.0,1509.3244,8.8504,-1.2162,Woman & Child Repression
2024-05-31,1767.0,1508.4371,15.9026,1.0588,Woman & Child Repression
2024-06-30,1689.0,1509.5047,15.208,-2.886,Woman & Child Repression
2024-07-31,1702.0,1512.6616,16.706,-3.5965,Woman & Child Repression
2024-08-31,1072.0,1519.1899,16.4395,-39.382,Woman & Child Repression
2024-09-30,1578.0,1529.873,9.0924,-5.4529,Woman & Child Repression
2024-10-31,1560.0,1543.5744,8.0755,-6.4881,Woman & Child Repression
2024-11-30,1452.0,1558.0352,-4.6502,-2.256,Woman & Child Repression
2024-12-31,1205.0,1572.8381,-25.8205,3.3008,Woman & Child Repression
2025-01-31,1440.0,1589.2666,-28.0902,26.0103,Woman & Child Repression
2025-02-28,1430.0,1607.9672,-9.7405,-1.463,Woman & Child Repression
2025-03-31,2054.0,1628.6119,-9.9806,40.0849,Woman & Child Repression
2025-04-30,2089.0,1650.823,11.2659,13.7158,Woman & Child Repression
2025-05-31,2087.0,1673.5479,15.1038,8.3286,Woman & Child Repression
2025-06-30,1933.0,1695.3632,16.3933,-2.0489,Woman & Child Repression
2025-07-31,2097.0,1715.0039,21.7178,0.4461,Woman & Child Repression
2025-08-31,1904.0,1731.0041,15.259,-4.573,Woman & Child Repression
2025-09-30,1928.0,1742.9358,7.1069,3.2724,Woman & Child Repression
2025-10-31,1985.0,1750.3504,8.6873,4.3344,Woman & Child Repression
2025-11-30,1744.0,1759.0167,-3.2741,2.5028,Woman & Child Repression
2025-12-31,1248.0,1768.2908,-27.2246,-2.9985,Woman & Child Repression
2026-01-31,1281.0,1777.7554,-29.3225,1.9743,Woman & Child Repression
2026-02-28,1181.0,1787.2365,-5.716,-29.8941,Woman & Child Repression
2026-03-31,1485.0,1796.6444,-15.7209,-1.9167,Woman & Child Repression
2026-04-30,2011.0,1805.9436,13.6991,-2.0676,Woman & Child Repression
2026-05-31,1952.0,1815.147,14.0464,-5.7091,Woman & Child Repression
2026-06-30,2200.0,1824.3082,17.7154,2.4355,Woman & Child Repression
2026-07-31,2336.0,1833.517,26.8852,0.3982,Woman & Child Repression
2026-08-31,2156.0,1842.8414,13.8836,2.7225,Woman & Child Repression
2019-01-31,46.0,50.6462,-11.669,3.0258,Kidnapping
2019-02-28,45.0,50.1506,-5.6711,-4.6627,Kidnapping
2019-03-31,42.0,49.6559,-14.2943,-0.9559,Kidnapping
2019-04-30,56.0,49.1623,12.5132,0.9936,Kidnapping
2019-05-31,43.0,48.6703,-11.3286,-0.0983,Kidnapping
2019-06-30,52.0,48.1805,10.1573,-2.1706,Kidnapping
2019-07-31,44.0,47.6941,-11.0332,3.8743,Kidnapping
2019-08-31,78.0,47.2128,64.7518,-0.5433,Kidnapping
2019-09-30,77.0,46.7382,51.9424,7.5349,Kidnapping
2019-10-31,48.0,46.2706,8.2356,-4.2287,Kidnapping
2019-11-30,32.0,45.8037,-29.6494,0.2226,Kidnapping
2019-12-31,35.0,45.3186,-23.9092,2.1445,Kidnapping
2020-01-31,39.0,44.8896,-6.9757,-6.2979,Kidnapping
2020-02-29,41.0,44.5502,-10.944,3.5369,Kidnapping
2020-03-31,39.0,44.3146,-9.4634,-2.5016,Kidnapping
2020-04-30,10.0,44.2528,8.735,-77.6448,Kidnapping
2020-05-31,19.0,44.3832,-10.8492,-50.5679,Kidnapping
2020-06-30,38.0,44.6074,12.4092,-23.9276,Kidnapping
2020-07-31,38.0,44.8138,-10.0174,-5.3958,Kidnapping
2020-08-31,49.0,44.9385,48.3098,-26.6123,Kidnapping
2020-09-30,54.0,44.9731,38.5837,-13.673,Kidnapping
2020-10-31,55.0,44.9976,9.9051,10.7732,Kidnapping
2020-11-30,47.0,45.0813,-23.4419,36.0585,Kidnapping
2020-12-31,57.0,45.2285,-19.896,56.6259,Kidnapping
2021-01-31,45.0,45.3882,-2.2483,1.4439,Kidnapping
2021-02-28,42.0,45.3501,-16.0142,10.4616,Kidnapping
2021-03-31,45.0,44.9624,-4.7437,5.0657,Kidnapping
2021-04-30,36.0,44.3088,5.334,-22.4734,Kidnapping
2021-05-31,39.0,43.5144,-10.2634,0.1358,Kidnapping
2021-06-30,50.0,42.6396,14.2624,2.279,Kidnapping
2021-07-31,24.0,41.7537,-8.8196,-35.8694,Kidnapping
2021-08-31,32.0,40.8789,33.3816,-40.9224,Kidnapping
2021-09-30,37.0,40.057,26.6674,-26.9314,Kidnapping
2021-10-31,35.0,39.2801,11.9396,-20.1586,Kidnapping
2021-11-30,31.0,38.5129,-16.6543,-2.831,Kidnapping
2021-12-31,29.0,37.7651,-15.1732,-8.7681,Kidnapping
2022-01-31,39.0,37.1022,3.0566,1.867,Kidnapping
2022-02-28,25.0,36.5817,-20.6707,-12.7905,Kidnapping
2022-03-31,37.0,36.2558,0.3045,1.6878,Kidnapping
2022-04-30,35.0,36.1702,-1.9197,-1.2524,Kidnapping
2022-05-31,32.0,36.2151,-9.4697,-2.0509,Kidnapping
2022-06-30,45.0,36.2815,15.3674,6.9501,Kidnapping
2022-07-31,33.0,36.3563,-7.379,-1.7335,Kidnapping
2022-08-31,45.0,36.4416,24.0559,-0.9657,Kidnapping
2022-09-30,40.0,36.5432,13.7984,-4.0342,Kidnapping
2022-10-31,61.0,36.6733,13.4117,45.1111,Kidnapping
2022-11-30,34.0,36.8327,-9.9724,2.7604,Kidnapping
2022-12-31,34.0,37.0477,-10.3701,2.633,Kidnapping
2023-01-31,31.0,37.3131,5.9132,-21.1408,Kidnapping
2023-02-28,26.0,37.6151,-24.0793,-7.9028,Kidnapping
2023-03-31,38.0,37.9585,2.0199,-1.8755,Kidnapping
2023-04-30,39.0,38.3957,1.5973,-0.0624,Kidnapping
2023-05-31,49.0,38.9784,-7.8485,35.7195,Kidnapping
2023-06-30,41.0,39.7247,8.7951,-5.2056,Kidnapping
2023-07-31,39.0,40.6202,-3.4388,-0.4702,Kidnapping
2023-08-31,40.0,41.613,11.8229,-13.958,Kidnapping
2023-09-30,50.0,42.6769,11.3539,4.8608,Kidnapping
2023-10-31,48.0,43.8367,16.6005,-6.2736,Kidnapping
2023-11-30,33.0,45.0805,-4.9044,-22.4108,Kidnapping
2023-12-31,29.0,46.3839,-5.4414,-33.044,Kidnapping
2024-01-31,51.0,47.7802,3.3976,3.0978,Kidnapping
2024-02-29,43.0,49.3138,-25.4643,17.3278,Kidnapping
2024-03-31,51.0,51.0077,4.6846,-4.4891,Kidnapping
2024-04-30,55.0,52.818,4.1182,-0.0612,Kidnapping
2024-05-31,50.0,54.7103,-5.1521,-3.4823,Kidnapping
2024-06-30,31.0,56.6783,4.1639,-46.7377,Kidnapping
2024-07-31,32.0,58.727,-12.7678,-36.6617,Kidnapping
2024-08-31,27.0,60.8499,7.4654,-57.874,Kidnapping
2024-09-30,65.0,62.989,10.3451,-6.5272,Kidnapping
2024-10-31,96.0,65.1556,21.3537,20.8236,Kidnapping
2024-11-30,67.0,67.3894,0.6206,-1.1827,Kidnapping
2024-12-31,74.0,69.7341,-0.7769,6.8611,Kidnapping
2025-01-31,105.0,72.1696,1.5076,42.7174,Kidnapping
2025-02-28,78.0,74.5349,-26.395,42.0928,Kidnapping
2025-03-31,83.0,76.6574,7.403,0.7117,Kidnapping
2025-04-30,88.0,78.5101,5.5181,6.0818,Kidnapping
2025-05-31,82.0,80.2033,-3.0121,5.3869,Kidnapping
2025-06-30,80.0,81.7758,-0.8271,-1.3292,Kidnapping
2025-07-31,109.0,83.1733,-17.7897,58.9616,Kidnapping
2025-08-31,90.0,84.3397,2.5491,3.9821,Kidnapping
2025-09-30,96.0,85.3311,9.0049,3.0761,Kidnapping
2025-10-31,110.0,86.1053,27.4716,-0.0311,Kidnapping
2025-11-30,93.0,86.8907,5.9697,0.926,Kidnapping
2025-12-31,87.0,87.6742,3.5608,-4.1726,Kidnapping
2026-01-31,87.0,88.4533,-0.8283,-0.8029,Kidnapping
2026-02-28,64.0,89.23,-27.3606,-0.8277,Kidnapping
2026-03-31,102.0,90.0074,10.3515,2.5611,Kidnapping
2026-04-30,94.0,90.7881,6.6696,-2.9721,Kidnapping
2026-05-31,90.0,91.5737,-0.7409,-0.9663,Kidnapping
2026-06-30,90.0,92.3667,-5.47,3.105,Kidnapping
2026-07-31,72.0,93.1691,-22.7164,0.3061,Kidnapping
2026-08-31,92.0,93.9816,-1.8094,-0.282,Kidnapping
2019-01-31,69.0,46.6168,46.1707,0.5721,Police Assault
2019-02-28,37.0,46.2405,-18.5409,-1.2517,Police Assault
2019-03-31,41.0,45.8584,-5.0734,-5.5779,Police Assault
2019-04-30,45.0,45.471,5.6168,-6.2777,Police Assault
2019-05-31,59.0,45.0808,26.8436,2.651,Police Assault
2019-06-30,61.0,44.6926,27.8854,6.1024,Police Assault
2019-07-31,46.0,44.312,-2.0176,5.8611,Police Assault
2019-08-31,46.0,43.9442,-7.3749,12.9005,Police Assault
2019-09-30,48.0,43.5929,5.0622,4.5886,Police Assault
2019-10-31,38.0,43.2571,-4.0083,-8.1988,Police Assault
2019-11-30,38.0,42.9256,-11.1975,-0.0181,Police Assault
2019-12-31,27.0,42.5571,-28.2133,-10.4523,Police Assault
2020-01-31,31.0,42.2073,30.3104,-43.1653,Police Assault
2020-02-29,34.0,41.959,-12.2706,-7.1315,Police Assault
2020-03-31,43.0,41.8362,-1.2209,3.9866,Police Assault
2020-04-30,45.0,41.8018,6.9018,0.5335,Police Assault
2020-05-31,50.0,41.8597,17.4061,1.3516,Police Assault
2020-06-30,33.0,42.0252,16.7077,-32.2894,Police Assault
2020-07-31,39.0,42.2933,-7.43,-0.1912,Police Assault
2020-08-31,24.0,42.5848,-10.6013,-35.8386,Police Assault
2020-09-30,23.0,42.8009,0.1855,-45.3081,Police Assault
2020-10-31,52.0,42.888,7.9265,11.8926,Police Assault
2020-11-30,40.0,42.8355,-4.8825,-1.6675,Police Assault
2020-12-31,35.0,42.7027,-19.5497,2.3923,Police Assault
2021-01-31,47.0,42.5486,16.2955,-5.2227,Police Assault
2021-02-28,50.0,42.3772,-6.2251,25.3781,Police Assault
2021-03-31,79.0,42.217,2.2728,80.9985,Police Assault
2021-04-30,51.0,42.1599,6.807,12.8037,Police Assault
2021-05-31,44.0,42.2665,9.8525,-5.3216,Police Assault
2021-06-30,41.0,42.5297,6.4611,-9.3699,Police Assault
2021-07-31,32.0,42.8837,-11.3839,-15.1409,Police Assault
2021-08-31,30.0,43.2538,-13.3289,-19.1767,Police Assault
2021-09-30,37.0,43.6628,-3.7461,-11.6067,Police Assault
2021-10-31,57.0,44.1424,21.6366,5.6281,Police Assault
2021-11-30,93.0,44.7363,1.5284,102.4319,Police Assault
2021-12-31,47.0,45.4378,-11.1823,16.3776,Police Assault
2022-01-31,53.0,46.2118,4.025,9.9526,Police Assault
2022-02-28,45.0,47.0236,0.8271,-4.9994,Police Assault
2022-03-31,57.0,47.8479,7.0073,10.9605,Police Assault
2022-04-30,55.0,48.5576,3.1104,9.5911,Police Assault
2022-05-31,44.0,49.0555,3.7241,-13.3276,Police Assault
2022-06-30,56.0,49.294,-2.5842,16.34,Police Assault
2022-07-31,40.0,49.2954,-13.2112,-6.0726,Police Assault
2022-08-31,44.0,49.1567,-16.5965,7.5719,Police Assault
2022-09-30,45.0,48.9703,-6.8941,-1.1291,Police Assault
2022-10-31,51.0,48.803,35.5432,-22.9681,Police Assault
2022-11-30,55.0,48.6717,8.1182,4.275,Police Assault
2022-12-31,56.0,48.5863,-3.3987,18.9955,Police Assault
2023-01-31,36.0,48.5613,-2.4134,-23.4988,Police Assault
2023-02-28,56.0,48.5935,-2.5991,18.0014,Police Assault
2023-03-31,47.0,48.6266,4.3408,-7.3016,Police Assault
2023-04-30,39.0,48.5978,2.118,-21.0239,Police Assault
2023-05-31,55.0,48.4649,4.4862,8.3507,Police Assault
2023-06-30,42.0,48.1907,-6.1162,-6.8904,Police Assault
2023-07-31,47.0,47.7909,-11.8971,11.6637,Police Assault
2023-08-31,44.0,47.2594,-8.2577,1.6391,Police Assault
2023-09-30,48.0,46.6253,-5.8433,9.2715,Police Assault
2023-10-31,77.0,45.9543,39.0326,19.482,Police Assault
2023-11-30,79.0,45.286,4.4025,65.5502,Police Assault
2023-12-31,37.0,44.6064,-11.598,-5.7469,Police Assault
2024-01-31,43.0,43.9208,-7.5299,5.9264,Police Assault
2024-02-29,37.0,43.3413,-8.1831,-6.6632,Police Assault
2024-03-31,43.0,43.0203,9.7681,-8.9409,Police Assault
2024-04-30,79.0,42.9513,10.691,64.4395,Police Assault
2024-05-31,43.0,42.9734,10.4492,-9.4059,Police Assault
2024-06-30,36.0,43.0109,-6.0662,-10.5008,Police Assault
2024-07-31,170.0,43.0962,-12.576,343.5723,Police Assault
2024-08-31,41.0,43.2921,-5.8623,0.7301,Police Assault
2024-09-30,24.0,43.5841,-5.2748,-40.8038,Police Assault
2024-10-31,34.0,43.9398,45.019,-46.2953,Police Assault
2024-11-30,49.0,44.4193,-0.3596,10.4828,Police Assault
2024-12-31,44.0,45.0263,-21.1502,23.9955,Police Assault
2025-01-31,38.0,45.6526,-11.3434,-5.7075,Police Assault
2025-02-28,37.0,46.1797,-12.7209,-7.7178,Police Assault
2025-03-31,96.0,46.524,17.0152,74.428,Police Assault
2025-04-30,52.0,46.6294,18.2921,-5.9314,Police Assault
2025-05-31,62.0,46.5791,15.9084,14.2378,Police Assault
2025-06-30,44.0,46.5228,-5.0648,-0.2569,Police Assault
2025-07-31,39.0,46.5317,-12.3053,-4.0371,Police Assault
2025-08-31,51.0,46.6259,-4.993,14.9223,Police Assault
2025-09-30,43.0,46.801,-4.8613,-3.2483,Police Assault
2025-10-31,69.0,47.0142,51.537,-3.7924,Police Assault
2025-11-30,41.0,47.1356,-5.7751,-7.3987,Police Assault
2025-12-31,29.0,47.2094,-30.1591,-10.8997,Police Assault
2026-01-31,42.0,47.2643,-14.4932,4.1938,Police Assault
2026-02-28,42.0,47.3165,-17.015,7.2441,Police Assault
2026-03-31,63.0,47.3737,25.8699,5.1112,Police Assault
2026-04-30,66.0,47.4378,27.95,8.1061,Police Assault
2026-05-31,55.0,47.5074,21.9351,-5.3216,Police Assault
2026-06-30,49.0,47.5795,-3.0275,6.1374,Police Assault
2026-07-31,42.0,47.6512,-12.5498,1.0681,Police Assault
2026-08-31,41.0,47.7189,-4.4212,-9.8033,Police Assault
2019-01-31,174.0,185.5984,-0.088,-6.1331,Burglary
2019-02-28,165.0,188.5499,-6.3177,-6.5182,Burglary
2019-03-31,173.0,191.4626,-9.5048,-0.0973,Burglary
2019-04-30,171.0,194.3397,-14.6633,3.1816,Burglary
2019-05-31,182.0,197.1857,-8.8753,1.3311,Burglary
2019-06-30,192.0,200.002,-8.7756,5.2557,Burglary
2019-07-31,241.0,202.7842,10.2045,7.757,Burglary
2019-08-31,226.0,205.5145,10.8525,-0.8415,Burglary
2019-09-30,258.0,208.1505,20.8148,2.4992,Burglary
2019-10-31,241.0,210.6138,14.1661,0.1692,Burglary
2019-11-30,197.0,212.7514,-4.3725,-3.1336,Burglary
2019-12-31,219.0,214.2678,0.7415,1.4461,Burglary
2020-01-31,238.0,214.9312,-0.8419,11.6232,Burglary
2020-02-29,218.0,215.9564,-7.1941,8.7667,Burglary
2020-03-31,195.0,217.3427,-7.9382,-2.4925,Burglary
2020-04-30,93.0,218.9456,-13.8813,-50.3733,Burglary
2020-05-31,136.0,220.6384,-7.7955,-32.9616,Burglary
2020-06-30,184.0,222.2445,-7.2461,-10.6573,Burglary
2020-07-31,216.0,223.4955,9.8035,-11.9689,Burglary
2020-08-31,258.0,224.3268,16.8795,-1.6559,Burglary
2020-09-30,264.0,224.8568,16.8274,0.4311,Burglary
2020-10-31,262.0,225.3395,11.9805,3.7654,Burglary
2020-11-30,239.0,226.0578,-3.1326,9.1183,Burglary
2020-12-31,230.0,226.9229,-3.2782,4.7851,Burglary
2021-01-31,232.0,227.5279,-1.5661,3.579,Burglary
2021-02-28,217.0,227.5713,-8.3948,4.1153,Burglary
2021-03-31,225.0,227.0133,-6.6973,6.2317,Burglary
2021-04-30,176.0,225.9337,-12.9438,-10.4069,Burglary
2021-05-31,203.0,224.5545,-6.6577,-3.1053,Burglary
2021-06-30,217.0,223.223,-5.7581,3.165,Burglary
2021-07-31,240.0,222.2092,9.4351,-1.3383,Burglary
2021-08-31,296.0,221.6922,22.8647,8.5486,Burglary
2021-09-30,235.0,221.7225,13.2705,-6.4527,Burglary
2021-10-31,228.0,222.1872,10.1349,-6.8375,Burglary
2021-11-30,184.0,222.9108,-1.7663,-15.8922,Burglary
2021-12-31,192.0,223.7842,-6.3518,-8.3163,Burglary
2022-01-31,213.0,224.7492,-2.7148,-2.5592,Burglary
2022-02-28,206.0,225.7498,-10.8027,2.3462,Burglary
2022-03-31,223.0,226.6708,-5.2264,3.8134,Burglary
2022-04-30,228.0,227.5045,-12.9851,15.172,Burglary
2022-05-31,226.0,228.133,-5.5566,4.8978,Burglary
2022-06-30,227.0,228.2564,-3.33,2.8778,Burglary
2022-07-31,258.0,227.6225,9.9983,2.9899,Burglary
2022-08-31,294.0,226.1475,28.676,0.9291,Burglary
2022-09-30,257.0,224.022,9.7222,4.4961,Burglary
2022-10-31,252.0,221.5769,7.8987,5.3475,Burglary
2022-11-30,237.0,219.0297,-1.0788,9.3468,Burglary
2022-12-31,189.0,216.567,-9.4293,-3.5787,Burglary
2023-01-31,191.0,214.3018,-2.6124,-8.4307,Burglary
2023-02-28,168.0,212.2764,-14.0078,-7.8522,Burglary
2023-03-31,185.0,210.5379,-6.1251,-6.3354,Burglary
2023-04-30,183.0,209.1561,-8.7364,-4.0648,Burglary
2023-05-31,196.0,208.2604,-4.7781,-1.135,Burglary
2023-06-30,193.0,208.0725,-0.7008,-6.5543,Burglary
2023-07-31,239.0,208.7572,10.2433,3.7868,Burglary
2023-08-31,269.0,210.3151,27.5339,0.1861,Burglary
2023-09-30,230.0,212.557,8.9229,-0.6932,Burglary
2023-10-31,224.0,215.1366,8.6009,-4.1437,Burglary
2023-11-30,205.0,217.7436,-0.9591,-4.9138,Burglary
2023-12-31,200.0,220.0791,-7.5449,-1.6629,Burglary
2024-01-31,228.0,221.9615,-2.6053,5.4557,Burglary
2024-02-29,220.0,223.4447,-18.7429,21.1775,Burglary
2024-03-31,217.0,224.8492,-5.3088,1.9362,Burglary
2024-04-30,220.0,226.4893,-7.3893,4.8987,Burglary
2024-05-31,219.0,228.4104,-5.3081,1.2737,Burglary
2024-06-30,251.0,230.3926,0.6683,8.1828,Burglary
2024-07-31,219.0,232.1477,9.9523,-14.1802,Burglary
2024-08-31,132.0,233.48,24.7687,-54.5389,Burglary
2024-09-30,233.0,234.362,9.1276,-8.8944,Burglary
2024-10-31,248.0,235.0047,10.0606,-4.1379,Burglary
2024-11-30,231.0,235.7117,-0.3804,-1.6162,Burglary
2024-12-31,237.0,236.7651,-5.4829,5.9054,Burglary
2025-01-31,262.0,238.304,-3.0358,13.3429,Burglary
2025-02-28,193.0,240.4039,-23.0968,4.4992,Burglary
2025-03-31,206.0,242.9911,-3.4298,-12.1477,Burglary
2025-04-30,219.0,245.7156,-5.8116,-5.3265,Burglary
2025-05-31,229.0,248.2223,-5.8546,-1.9738,Burglary
2025-06-30,244.0,250.3988,2.576,-4.9927,Burglary
2025-07-31,292.0,252.393,8.7407,6.3362,Burglary
2025-08-31,311.0,254.3735,21.9583,0.1768,Burglary
2025-09-30,295.0,256.5422,9.1671,5.2814,Burglary
2025-10-31,301.0,259.1169,11.5883,4.0446,Burglary
2025-11-30,267.0,261.6596,0.1749,1.855,Burglary
2025-12-31,249.0,264.1726,-3.1028,-2.7028,Burglary
2026-01-31,236.0,266.657,-3.4371,-8.3021,Burglary
2026-02-28,187.0,269.1206,-27.218,-4.3739,Burglary
2026-03-31,285.0,271.5799,-1.3551,6.3648,Burglary
2026-04-30,267.0,274.0505,-4.3969,1.9179,Burglary
2026-05-31,260.0,276.5387,-6.5385,0.6199,Burglary
2026-06-30,295.0,279.0456,4.3908,1.2513,Burglary
2026-07-31,297.0,281.5699,7.6247,-2.0107,Burglary
2026-08-31,337.0,284.1093,19.1198,-0.4775,Burglary
2019-01-31,494.0,544.9479,-7.8116,-1.6492,Theft
2019-02-28,493.0,549.8161,-8.1268,-2.3816,Theft
2019-03-31,513.0,554.6648,-8.2624,0.833,Theft
2019-04-30,514.0,559.5034,-9.7957,1.8596,Theft
2019-05-31,579.0,564.3399,0.9284,1.6494,Theft
2019-06-30,547.0,569.1747,-2.5738,-1.35,Theft
2019-07-31,611.0,573.9982,4.1189,2.2246,Theft
2019-08-31,570.0,578.7896,-0.0383,-1.4783,Theft
2019-09-30,712.0,583.4999,20.07,1.5946,Theft
2019-10-31,686.0,588.0355,14.3127,2.0283,Theft
2019-11-30,599.0,592.2198,0.7373,0.4027,Theft
2019-12-31,562.0,595.934,-4.5113,-1.2289,Theft
2020-01-31,681.0,601.1177,-5.5895,19.9728,Theft
2020-02-29,571.0,607.886,-6.8097,0.8067,Theft
2020-03-31,560.0,615.4119,-5.3288,-3.8667,Theft
2020-04-30,293.0,623.1198,-8.8371,-48.3273,Theft
2020-05-31,397.0,630.8393,-1.8122,-35.8467,Theft
2020-06-30,506.0,638.5068,0.159,-20.846,Theft
2020-07-31,779.0,645.9269,1.714,18.5383,Theft
2020-08-31,584.0,653.4241,4.6567,-14.5859,Theft
2020-09-30,752.0,661.5278,17.5243,-3.2918,Theft
2020-10-31,745.0,670.337,10.4558,0.6027,Theft
2020-11-30,675.0,679.2374,-1.9534,1.3569,Theft
2020-12-31,657.0,687.1277,-6.0741,1.8056,Theft
2021-01-31,694.0,692.891,-3.4939,3.786,Theft
2021-02-28,685.0,696.9062,-5.805,4.3516,Theft
2021-03-31,722.0,700.243,-2.5265,5.7751,Theft
2021-04-30,621.0,703.3428,-7.5974,-4.4298,Theft
2021-05-31,662.0,706.4152,-4.1687,-2.2016,Theft
2021-06-30,738.0,709.4183,2.6362,1.3514,Theft
2021-07-31,681.0,712.1722,-0.3929,-3.9937,Theft
2021-08-31,805.0,714.7447,9.3076,3.0212,Theft
2021-09-30,830.0,717.7601,14.8022,0.7087,Theft
2021-10-31,741.0,721.5689,7.2916,-4.2896,Theft
2021-11-30,632.0,726.2313,-4.4436,-8.9099,Theft
2021-12-31,687.0,731.6447,-7.514,1.5357,Theft
2022-01-31,729.0,737.4497,-1.049,-0.0963,Theft
2022-02-28,719.0,743.4393,-5.3262,2.1582,Theft
2022-03-31,888.0,749.3125,1.0132,17.2956,Theft
2022-04-30,887.0,755.0602,-7.0459,26.3537,Theft
2022-05-31,689.0,760.6814,-6.2561,-3.3654,Theft
2022-06-30,842.0,766.0453,5.3537,4.3174,Theft
2022-07-31,743.0,771.2148,-2.5954,-1.0865,Theft
2022-08-31,910.0,775.9919,14.1388,2.7232,Theft
2022-09-30,926.0,780.1865,12.424,5.5519,Theft
2022-10-31,784.0,783.8958,5.2742,-4.9973,Theft
2022-11-30,771.0,787.0746,-6.812,5.1211,Theft
2022-12-31,703.0,789.4768,-8.7757,-2.3724,Theft
2023-01-31,784.0,791.0452,-1.5922,0.7141,Theft
2023-02-28,725.0,791.8067,-8.1345,-0.3179,Theft
2023-03-31,797.0,791.7718,4.2758,-3.468,Theft
2023-04-30,776.0,790.9818,-3.0476,1.1922,Theft
2023-05-31,807.0,789.811,-5.7955,8.4594,Theft
2023-06-30,831.0,788.7082,1.9215,3.3691,Theft
2023-07-31,802.0,788.0912,-0.5332,2.3081,Theft
2023-08-31,889.0,787.7711,14.6594,-1.5922,Theft
2023-09-30,830.0,787.2055,11.2913,-5.2672,Theft
2023-10-31,868.0,786.1555,8.1361,2.0913,Theft
2023-11-30,664.0,784.5266,-5.281,-10.6234,Theft
2023-12-31,702.0,782.4061,-10.7229,0.5144,Theft
2024-01-31,749.0,779.985,-0.7656,-3.2265,Theft
2024-02-29,820.0,777.6314,-12.5549,20.5801,Theft
2024-03-31,865.0,776.1995,5.8726,5.245,Theft
2024-04-30,812.0,776.193,-2.473,7.2597,Theft
2024-05-31,726.0,777.4856,-4.6005,-2.1102,Theft
2024-06-30,745.0,779.3822,-0.2212,-4.1939,Theft
2024-07-31,785.0,781.0217,2.1245,-1.5822,Theft
2024-08-31,381.0,782.1334,11.5804,-56.2841,Theft
2024-09-30,605.0,782.7374,10.1042,-29.774,Theft
2024-10-31,722.0,782.9943,11.5911,-17.359,Theft
2024-11-30,716.0,783.3949,-3.2,-5.5702,Theft
2024-12-31,729.0,784.2914,-12.6923,6.473,Theft
2025-01-31,797.0,786.0826,0.3297,1.0539,Theft
2025-02-28,673.0,789.0267,-16.6063,2.3022,Theft
2025-03-31,866.0,792.6483,7.1455,1.957,Theft
2025-04-30,715.0,796.0711,-1.9056,-8.4261,Theft
2025-05-31,765.0,798.7806,-3.3222,-0.9325,Theft
2025-06-30,722.0,800.7149,-1.8861,-8.0847,Theft
2025-07-31,849.0,802.0769,4.7405,1.0525,Theft
2025-08-31,956.0,803.2367,8.9819,9.1877,Theft
2025-09-30,888.0,804.5649,8.9119,1.3272,Theft
2025-10-31,931.0,806.294,15.3741,0.0635,Theft
2025-11-30,842.0,807.818,-0.929,5.2035,Theft
2025-12-31,668.0,809.1601,-14.568,-3.3427,Theft
2026-01-31,828.0,810.3541,1.5868,0.5789,Theft
2026-02-28,634.0,811.4309,-20.4929,-1.6937,Theft
2026-03-31,856.0,812.4162,8.1797,-2.6082,Theft
2026-04-30,806.0,813.336,-1.8455,0.9624,Theft
2026-05-31,804.0,814.2167,-2.1024,0.8674,Theft
2026-06-30,836.0,815.0751,-3.5163,6.3019,Theft
2026-07-31,872.0,815.9147,7.4018,-0.4993,Theft
2026-08-31,839.0,816.7196,6.5356,-3.5771,Theft
2019-01-31,5428.0,5688.7253,-5.9352,1.4382,Other Cases
2019-02-28,4764.0,5708.9253,-13.9985,-2.9655,Other Cases
2019-03-31,5313.0,5728.6894,-5.1944,-2.1735,Other Cases
2019-04-30,6341.0,5748.0379,11.4959,-1.0599,Other Cases
2019-05-31,7492.0,5767.1102,28.3778,1.1888,Other Cases
2019-06-30,6649.0,5786.1292,12.5161,2.1278,Other Cases
2019-07-31,5745.0,5805.3397,-4.8645,4.0209,Other Cases
2019-08-31,6077.0,5824.9463,3.8135,0.494,Other Cases
2019-09-30,5943.0,5845.0084,-0.7736,2.4689,Other Cases
2019-10-31,5567.0,5865.3159,-4.0817,-1.0462,Other Cases
2019-11-30,5477.0,5884.8983,-4.9027,-2.1319,Other Cases
2019-12-31,5140.0,5901.0652,-10.7879,-2.3618,Other Cases
2020-01-31,5244.0,5922.7416,-7.0434,-4.7491,Other Cases
2020-02-29,5400.0,5950.4231,-12.4817,3.6942,Other Cases
2020-03-31,5995.0,5984.2597,-2.0296,2.2549,Other Cases
2020-04-30,5572.0,6023.3872,13.9654,-18.8286,Other Cases
2020-05-31,6585.0,6066.0725,23.8847,-12.3756,Other Cases
2020-06-30,5752.0,6110.1734,9.565,-14.0793,Other Cases
2020-07-31,5717.0,6153.6795,-2.6566,-4.5597,Other Cases
2020-08-31,6489.0,6195.013,3.8345,0.8766,Other Cases
2020-09-30,5993.0,6231.7199,-2.2682,-1.5982,Other Cases
2020-10-31,6197.0,6261.5857,-3.2651,2.3092,Other Cases
2020-11-30,6383.0,6282.1894,-5.6572,7.6971,Other Cases
2020-12-31,5769.0,6290.3262,-11.2139,3.2972,Other Cases
2021-01-31,5945.0,6284.3123,-8.3846,3.2594,Other Cases
2021-02-28,5727.0,6265.6812,-10.9254,2.6151,Other Cases
2021-03-31,6439.0,6241.3044,1.1877,1.9561,Other Cases
2021-04-30,7345.0,6216.2004,16.2835,1.6103,Other Cases
2021-05-31,7492.0,6190.6231,19.5132,1.2594,Other Cases
2021-06-30,6394.0,6163.6669,6.8937,-2.9538,Other Cases
2021-07-31,5901.0,6137.4488,-0.4632,-3.4045,Other Cases
2021-08-31,5724.0,6114.2837,3.8947,-9.8916,Other Cases
2021-09-30,5725.0,6096.7486,-3.5515,-2.6387,Other Cases
2021-10-31,5800.0,6087.2408,-2.5197,-2.2551,Other Cases
2021-11-30,5466.0,6087.4227,-6.3168,-4.1521,Other Cases
2021-12-31,5510.0,6098.3523,-11.5489,2.1512,Other Cases
2022-01-31,5675.0,6120.6902,-9.4809,2.4309,Other Cases
2022-02-28,5340.0,6153.376,-9.5372,-4.0669,Other Cases
2022-03-31,6399.0,6192.014,4.3706,-0.9853,Other Cases
2022-04-30,7578.0,6230.9083,18.7896,2.3794,Other Cases
2022-05-31,7114.0,6265.4538,15.603,-1.7836,Other Cases
2022-06-30,6487.0,6293.0809,4.2223,-1.0951,Other Cases
2022-07-31,6834.0,6313.736,1.9954,6.1213,Other Cases
2022-08-31,6822.0,6329.6823,3.9229,3.7083,Other Cases
2022-09-30,6132.0,6343.0423,-4.2638,0.9789,Other Cases
2022-10-31,6414.0,6355.878,-1.9835,2.9565,Other Cases
2022-11-30,6082.0,6368.1873,-7.2225,2.9417,Other Cases
2022-12-31,5357.0,6376.9227,-11.7804,-4.7733,Other Cases
2023-01-31,5534.0,6379.4038,-11.4068,-2.0806,Other Cases
2023-02-28,5873.0,6375.1356,-8.9285,1.1565,Other Cases
2023-03-31,6685.0,6365.585,7.8555,-2.6317,Other Cases
2023-04-30,7337.0,6353.9122,18.8488,-2.8431,Other Cases
2023-05-31,7287.0,6345.9809,12.1069,2.4257,Other Cases
2023-06-30,6744.0,6346.7493,5.2319,0.9752,Other Cases
2023-07-31,7066.0,6357.1707,1.1723,9.8604,Other Cases
2023-08-31,6592.0,6374.7494,3.2148,0.1866,Other Cases
2023-09-30,5970.0,6395.7514,-2.4891,-4.273,Other Cases
2023-10-31,6300.0,6415.4136,-0.6117,-1.1944,Other Cases
2023-11-30,5621.0,6431.7441,-5.9463,-7.0779,Other Cases
2023-12-31,5614.0,6446.4507,-11.2343,-1.8892,Other Cases
2024-01-31,5573.0,6460.4412,-13.1519,-0.6707,Other Cases
2024-02-29,6132.0,6475.787,-10.3157,5.5837,Other Cases
2024-03-31,7444.0,6496.8714,10.2362,3.9368,Other Cases
2024-04-30,7905.0,6525.87,16.6121,3.8743,Other Cases
2024-05-31,6945.0,6561.4882,9.2263,-3.0966,Other Cases
2024-06-30,7048.0,6600.5054,7.25,-0.4395,Other Cases
2024-07-31,6165.0,6638.5789,0.0137,-7.1454,Other Cases
2024-08-31,5160.0,6671.4937,3.0452,-24.9384,Other Cases
2024-09-30,6893.0,6695.5711,-0.869,3.8506,Other Cases
2024-10-31,6318.0,6709.1205,1.3398,-7.0739,Other Cases
2024-11-30,6432.0,6714.2042,-4.4811,0.2917,Other Cases
2024-12-31,6339.0,6716.2084,-10.7965,5.808,Other Cases
2025-01-31,6603.0,6720.6391,-14.8789,15.4236,Other Cases
2025-02-28,6058.0,6727.2877,-12.002,2.3348,Other Cases
2025-03-31,7849.0,6731.8413,12.371,3.7569,Other Cases
2025-04-30,7862.0,6730.3027,14.1368,2.3442,Other Cases
2025-05-31,7291.0,6722.034,6.2317,2.1003,Other Cases
2025-06-30,7051.0,6707.7746,9.7428,-4.216,Other Cases
2025-07-31,6333.0,6688.8458,-1.189,-4.1798,Other Cases
2025-08-31,6484.0,6666.2912,2.9869,-5.5551,Other Cases
2025-09-30,6631.0,6644.4107,0.9491,-1.1401,Other Cases
2025-10-31,7139.0,6647.1776,3.2961,3.9708,Other Cases
2025-11-30,6560.0,6660.8835,-2.7818,1.3037,Other Cases
2025-12-31,5886.0,6678.059,-10.0925,-1.9646,Other Cases
2026-01-31,5589.0,6696.7671,-16.4755,-0.0765,Other Cases
2026-02-28,5504.0,6716.4439,-13.9904,-4.719,Other Cases
2026-03-31,7368.0,6736.9013,14.4114,-4.4095,Other Cases
2026-04-30,7291.0,6758.2192,11.5421,-3.2811,Other Cases
2026-05-31,6951.0,6780.6548,3.3605,-0.8211,Other Cases
2026-06-30,7852.0,6804.5534,12.3019,2.7508,Other Cases
2026-07-31,6959.0,6830.2348,-2.3605,4.3481,Other Cases
2026-08-31,7278.0,6857.8655,2.8607,3.1739,Other Cases
2019-01-31,174.0,223.3748,-20.7234,-1.6172,Arms Act
2019-02-28,183.0,221.4851,-14.0897,-3.7343,Arms Act
2019-03-31,186.0,219.5301,-14.5382,-0.7794,Arms Act
2019-04-30,209.0,217.5055,-1.7383,-2.1925,Arms Act
2019-05-31,283.0,215.4087,27.9343,2.5786,Arms Act
2019-06-30,203.0,213.2376,-6.6067,1.9574,Arms Act
2019-07-31,224.0,210.9862,5.9997,0.1314,Arms Act
2019-08-31,237.0,208.6404,13.7329,-0.1804,Arms Act
2019-09-30,250.0,206.173,18.7316,2.0409,Arms Act
2019-10-31,232.0,203.5266,7.9916,5.4912,Arms Act
2019-11-30,214.0,200.5554,0.9272,5.6904,Arms Act
2019-12-31,177.0,196.9247,-16.1258,7.2239,Arms Act
2020-01-31,172.0,191.7806,-16.3215,7.2429,Arms Act
2020-02-29,174.0,186.126,-8.3012,1.9859,Arms Act
2020-03-31,161.0,180.4436,-8.5754,-2.3415,Arms Act
2020-04-30,77.0,175.0514,1.9841,-56.5567,Arms Act
2020-05-31,112.0,170.2074,21.4449,-45.6528,Arms Act
2020-06-30,136.0,165.8938,-6.8709,-11.8556,Arms Act
2020-07-31,239.0,161.8805,3.5677,42.2715,Arms Act
2020-08-31,90.0,157.9528,11.098,-48.4692,Arms Act
2020-09-30,128.0,154.0856,14.6714,-27.4624,Arms Act
2020-10-31,155.0,150.3527,2.314,0.7394,Arms Act
2020-11-30,134.0,147.1282,-1.7557,-7.234,Arms Act
2020-12-31,112.0,145.2207,-15.4297,-8.6198,Arms Act
2021-01-31,114.0,144.9865,-11.6904,-10.7975,Arms Act
2021-02-28,147.0,145.5996,-2.8971,3.9673,Arms Act
2021-03-31,156.0,146.2945,-2.6078,9.4432,Arms Act
2021-04-30,158.0,146.986,5.1775,2.1537,Arms Act
2021-05-31,161.0,147.6707,15.5104,-5.6659,Arms Act
2021-06-30,153.0,148.2136,-7.9206,12.0856,Arms Act
2021-07-31,155.0,148.5743,1.2988,2.9588,Arms Act
2021-08-31,169.0,148.6709,8.7215,4.4711,Arms Act
2021-09-30,163.0,148.4168,11.2883,-1.3732,Arms Act
2021-10-31,130.0,147.6258,-1.988,-10.0714,Arms Act
2021-11-30,191.0,146.2378,-4.3435,36.3224,Arms Act
2021-12-31,164.0,144.3638,-14.6743,33.0295,Arms Act
2022-01-31,147.0,142.1234,-7.5688,11.8749,Arms Act
2022-02-28,158.0,139.6589,2.0177,10.8037,Arms Act
2022-03-31,140.0,137.0882,3.8732,-1.6988,Arms Act
2022-04-30,170.0,134.529,8.9275,15.8314,Arms Act
2022-05-31,147.0,132.0301,9.8475,1.2796,Arms Act
2022-06-30,128.0,129.4681,-8.0323,7.5102,Arms Act
2022-07-31,116.0,126.7808,-0.5088,-7.9687,Arms Act
2022-08-31,118.0,124.0835,7.1958,-11.2498,Arms Act
2022-09-30,106.0,121.6093,8.2703,-19.3971,Arms Act
2022-10-31,100.0,119.5601,-5.148,-11.6775,Arms Act
2022-11-30,112.0,117.9999,-5.9028,0.9148,Arms Act
2022-12-31,98.0,116.9519,-13.2685,-3.2271,Arms Act
2023-01-31,110.0,116.3949,-2.6577,-2.8658,Arms Act
2023-02-28,109.0,116.275,4.4975,-10.2403,Arms Act
2023-03-31,128.0,116.5825,6.0313,3.4696,Arms Act
2023-04-30,119.0,117.2454,6.2155,-4.4548,Arms Act
2023-05-31,151.0,118.0699,5.1046,21.4563,Arms Act
2023-06-30,97.0,118.8615,-12.6965,-6.3484,Arms Act
2023-07-31,127.0,119.5202,-2.2354,8.6347,Arms Act
2023-08-31,133.0,120.041,6.0871,4.3542,Arms Act
2023-09-30,132.0,120.4311,9.0833,0.4069,Arms Act
2023-10-31,129.0,120.6583,-2.2066,9.2678,Arms Act
2023-11-30,110.0,120.6582,-2.5588,-6.3648,Arms Act
2023-12-31,116.0,120.445,-8.3183,5.0809,Arms Act
2024-01-31,121.0,120.1245,-0.865,1.6017,Arms Act
2024-02-29,129.0,119.8301,11.3319,-3.3619,Arms Act
2024-03-31,128.0,119.6202,2.1481,4.6982,Arms Act
2024-04-30,117.0,119.5664,2.2661,-4.2974,Arms Act
2024-05-31,112.0,119.6727,-3.3368,-3.1257,Arms Act
2024-06-30,98.0,120.0484,-14.2618,-4.6102,Arms Act
2024-07-31,105.0,120.7497,-3.0967,-10.1538,Arms Act
2024-08-31,44.0,121.6969,5.3748,-65.195,Arms Act
2024-09-30,150.0,122.8942,8.2443,12.5954,Arms Act
2024-10-31,120.0,124.4498,1.6349,-5.0986,Arms Act
2024-11-30,159.0,126.3069,0.5205,25.0298,Arms Act
2024-12-31,105.0,128.2223,-2.0421,-16.2607,Arms Act
2025-01-31,129.0,130.0765,0.4107,-1.2269,Arms Act
2025-02-28,101.0,131.9173,18.3729,-35.1715,Arms Act
2025-03-31,131.0,133.7739,-2.0259,-0.033,Arms Act
2025-04-30,140.0,135.6095,-1.9026,5.2158,Arms Act
2025-05-31,198.0,137.3716,-11.1481,61.86,Arms Act
2025-06-30,203.0,139.0687,-15.8441,73.0632,Arms Act
2025-07-31,155.0,140.7745,-4.8575,15.6517,Arms Act
2025-08-31,148.0,142.4422,4.9422,-1.0173,Arms Act
2025-09-30,145.0,143.9104,7.4646,-6.2464,Arms Act
2025-10-31,156.0,144.761,5.8833,1.7257,Arms Act
2025-11-30,150.0,145.5399,4.0842,-0.9998,Arms Act
2025-12-31,159.0,146.287,4.623,3.8314,Arms Act
2026-01-31,269.0,147.0151,1.4544,79.7989,Arms Act
2026-02-28,193.0,147.7283,26.6065,3.0272,Arms Act
2026-03-31,135.0,148.4287,-6.511,-2.6481,Arms Act
2026-04-30,139.0,149.1164,-5.622,-1.1836,Arms Act
2026-05-31,122.0,149.7932,-18.5924,0.1978,Arms Act
2026-06-30,129.0,150.4613,-16.9822,3.3881,Arms Act
2026-07-31,136.0,151.122,-6.4939,-3.6862,Arms Act
2026-08-31,159.0,151.7746,4.3162,0.3962,Arms Act
2019-01-31,30.0,13.5487,125.0612,-5.3249,Explosive Act
2019-02-28,8.0,13.7478,-36.3175,-4.1717,Explosive Act
2019-03-31,19.0,13.9415,31.3888,1.8775,Explosive Act
2019-04-30,7.0,14.1293,-43.37,-6.6261,Explosive Act
2019-05-31,21.0,14.311,42.0656,1.1419,Explosive Act
2019-06-30,10.0,14.4868,-30.8635,2.7362,Explosive Act
2019-07-31,14.0,14.6572,-12.7288,9.7755,Explosive Act
2019-08-31,15.0,14.8226,-17.378,22.3905,Explosive Act
2019-09-30,10.0,14.982,-26.1784,-6.7651,Explosive Act
2019-10-31,26.0,15.1321,67.6199,-0.1502,Explosive Act
2019-11-30,14.0,15.266,-5.765,-2.1417,Explosive Act
2019-12-31,22.0,15.3623,32.8621,5.7992,Explosive Act
2020-01-31,14.0,15.381,93.3879,-52.6499,Explosive Act
2020-02-29,12.0,15.401,-26.6853,8.114,Explosive Act
2020-03-31,3.0,15.4256,20.6044,-79.8081,Explosive Act
2020-04-30,9.0,15.4763,-37.5219,-2.8568,Explosive Act
2020-05-31,6.0,15.5548,12.3924,-62.3785,Explosive Act
2020-06-30,9.0,15.659,-35.7231,-6.611,Explosive Act
2020-07-31,13.0,15.7906,-12.7091,-4.48,Explosive Act
2020-08-31,11.0,15.9494,-13.153,-18.4784,Explosive Act
2020-09-30,16.0,16.1566,-20.2421,24.235,Explosive Act
2020-10-31,13.0,16.4205,50.9965,-46.7767,Explosive Act
2020-11-30,19.0,16.7227,18.6714,-4.9058,Explosive Act
2020-12-31,21.0,17.0392,39.2708,-12.4322,Explosive Act
2021-01-31,37.0,17.3767,66.0153,24.5569,Explosive Act
2021-02-28,28.0,17.7434,-15.0645,82.1632,Explosive Act
2021-03-31,18.0,18.1436,10.4349,-10.1283,Explosive Act
2021-04-30,17.0,18.5605,-32.2419,35.8097,Explosive Act
2021-05-31,17.0,18.9779,-10.2311,0.3684,Explosive Act
2021-06-30,12.0,19.4047,-40.3057,6.7283,Explosive Act
2021-07-31,16.0,19.8571,-11.062,-8.3553,Explosive Act
2021-08-31,17.0,20.3288,-7.699,-8.5677,Explosive Act
2021-09-30,16.0,20.7814,-13.6415,-9.6229,Explosive Act
2021-10-31,14.0,21.1936,35.7859,-50.2253,Explosive Act
2021-11-30,41.0,21.5819,43.1009,29.9713,Explosive Act
2021-12-31,35.0,21.98,44.6313,8.3154,Explosive Act
2022-01-31,30.0,22.3993,44.2224,-8.1403,Explosive Act
2022-02-28,20.0,22.8497,-1.9916,-10.1592,Explosive Act
2022-03-31,29.0,23.336,0.0949,23.1576,Explosive Act
2022-04-30,20.0,23.8236,-26.3676,14.891,Explosive Act
2022-05-31,16.0,24.2928,-27.2304,-7.6362,Explosive Act
2022-06-30,13.0,24.7654,-44.4123,-2.2509,Explosive Act
2022-07-31,17.0,25.301,-6.5276,-26.7821,Explosive Act
2022-08-31,26.0,25.903,3.295,-2.8409,Explosive Act
2022-09-30,25.0,26.5483,-8.7623,3.4439,Explosive Act
2022-10-31,34.0,27.2467,21.2656,2.1793,Explosive Act
2022-11-30,102.0,28.0152,67.513,111.9155,Explosive Act
2022-12-31,130.0,28.8592,49.8712,192.7352,Explosive Act
2023-01-31,31.0,29.8035,24.7725,-16.7411,Explosive Act
2023-02-28,49.0,30.8684,6.6032,47.1767,Explosive Act
2023-03-31,29.0,31.9908,-7.9153,-1.249,Explosive Act
2023-04-30,23.0,33.0272,-32.7138,4.8236,Explosive Act
2023-05-31,40.0,33.8954,-36.2078,84.1826,Explosive Act
2023-06-30,18.0,34.4496,-38.593,-12.7181,Explosive Act
2023-07-31,43.0,34.6276,12.4753,9.8017,Explosive Act
2023-08-31,48.0,34.5312,11.0048,24.2352,Explosive Act
2023-09-30,46.0,34.3131,-16.3688,59.1452,Explosive Act
2023-10-31,156.0,34.051,24.4927,259.795,Explosive Act
2023-11-30,235.0,33.7273,88.0063,261.4665,Explosive Act
2023-12-31,60.0,33.2907,44.455,23.1463,Explosive Act
2024-01-31,43.0,32.7192,25.033,4.3641,Explosive Act
2024-02-29,10.0,31.9722,14.4007,-70.838,Explosive Act
2024-03-31,24.0,31.1943,-11.4354,-12.3198,Explosive Act
2024-04-30,17.0,30.5003,-37.0269,-9.2591,Explosive Act
2024-05-31,18.0,29.8538,-39.0441,1.025,Explosive Act
2024-06-30,7.0,29.3018,-21.7921,-66.2425,Explosive Act
2024-07-31,103.0,28.8667,-34.9574,435.3633,Explosive Act
2024-08-31,81.0,28.5234,16.3572,138.7013,Explosive Act
2024-09-30,128.0,28.2742,-16.5698,428.1793,Explosive Act
2024-10-31,86.0,28.1257,31.973,126.3386,Explosive Act
2024-11-30,56.0,28.0709,116.27,-9.3392,Explosive Act
2024-12-31,38.0,28.0302,43.3457,-6.2804,Explosive Act
2025-01-31,35.0,27.9457,30.3724,-4.6033,Explosive Act
2025-02-28,37.0,27.8522,23.9929,6.2204,Explosive Act
2025-03-31,29.0,27.7647,-15.6312,23.6175,Explosive Act
2025-04-30,35.0,27.6592,-41.219,113.6988,Explosive Act
2025-05-31,33.0,27.5009,-42.3462,106.915,Explosive Act
2025-06-30,29.0,27.2834,-3.3674,9.7657,Explosive Act
2025-07-31,34.0,27.0195,-50.88,154.3018,Explosive Act
2025-08-31,32.0,26.7128,21.6649,-2.1259,Explosive Act
2025-09-30,21.0,26.3357,-18.3502,-1.4316,Explosive Act
2025-10-31,36.0,25.6401,37.6458,0.9027,Explosive Act
2025-11-30,68.0,24.9199,144.7367,8.7721,Explosive Act
2025-12-31,34.0,24.1981,38.5531,0.2498,Explosive Act
2026-01-31,35.0,23.4827,36.1217,8.0228,Explosive Act
2026-02-28,29.0,22.7771,31.7976,-4.2685,Explosive Act
2026-03-31,17.0,22.0827,-19.5234,-3.1016,Explosive Act
2026-04-30,12.0,21.4008,-45.1371,5.7796,Explosive Act
2026-05-31,11.0,20.7323,-45.527,1.3663,Explosive Act
2026-06-30,24.0,20.0777,20.5493,-1.6096,Explosive Act
2026-07-31,6.0,19.4367,-63.7169,-5.5976,Explosive Act
2026-08-31,24.0,18.8096,25.9869,0.1703,Explosive Act
2019-01-31,9069.0,9364.8967,-0.2243,-2.9416,Narcotics
2019-02-28,10003.0,9281.1305,7.1528,0.5826,Narcotics
2019-03-31,9160.0,9196.8759,-1.1885,0.7971,Narcotics
2019-04-30,10029.0,9112.1106,-31.6585,61.046,Narcotics
2019-05-31,9491.0,9026.7313,3.3119,1.7721,Narcotics
2019-06-30,7949.0,8940.5521,-8.8236,-2.485,Narcotics
2019-07-31,10170.0,8853.2362,13.919,0.8361,Narcotics
2019-08-31,9156.0,8764.3664,6.0918,-1.5306,Narcotics
2019-09-30,10198.0,8673.2746,16.4148,0.9988,Narcotics
2019-10-31,8888.0,8578.8469,-0.7381,4.3737,Narcotics
2019-11-30,8670.0,8478.6668,2.5981,-0.333,Narcotics
2019-12-31,8409.0,8368.6098,-2.408,2.9619,Narcotics
2020-01-31,9153.0,8227.2,0.3818,10.8284,Narcotics
2020-02-29,8531.0,8071.4838,4.4224,1.2162,Narcotics
2020-03-31,7623.0,7916.3723,1.5549,-5.1798,Narcotics
2020-04-30,1639.0,7768.4229,-25.3725,-71.715,Narcotics
2020-05-31,2461.0,7625.5936,2.3782,-68.4681,Narcotics
2020-06-30,4145.0,7489.52,-6.2137,-40.9829,Narcotics
2020-07-31,8077.0,7357.1755,9.6179,0.1503,Narcotics
2020-08-31,5575.0,7226.1346,7.9739,-28.5442,Narcotics
2020-09-30,6354.0,7099.6106,12.42,-20.3884,Narcotics
2020-10-31,6485.0,6981.8542,-1.8263,-5.3875,Narcotics
2020-11-30,6787.0,6886.364,0.1046,-1.5457,Narcotics
2020-12-31,6509.0,6827.1154,-4.2991,-0.376,Narcotics
2021-01-31,6639.0,6806.7239,1.1435,-3.5665,Narcotics
2021-02-28,6422.0,6808.1892,1.8619,-7.3958,Narcotics
2021-03-31,7636.0,6815.2798,4.0723,7.6565,Narcotics
2021-04-30,5397.0,6824.8291,-18.9972,-2.3714,Narcotics
2021-05-31,6033.0,6839.0063,1.6204,-13.1903,Narcotics
2021-06-30,6967.0,6858.4696,-3.7245,5.512,Narcotics
2021-07-31,5418.0,6881.6551,5.9606,-25.6949,Narcotics
2021-08-31,8048.0,6907.178,9.9245,5.9946,Narcotics
2021-09-30,7487.0,6932.7934,8.9641,-0.8914,Narcotics
2021-10-31,6687.0,6953.8353,-2.6905,-1.1779,Narcotics
2021-11-30,6904.0,6964.2751,-2.6959,1.8813,Narcotics
2021-12-31,6037.0,6959.7983,-5.6146,-8.0971,Narcotics
2022-01-31,7048.0,6942.3675,1.4877,0.0331,Narcotics
2022-02-28,7309.0,6918.64,-0.5056,6.1782,Narcotics
2022-03-31,7430.0,6893.3486,7.236,0.511,Narcotics
2022-04-30,6714.0,6871.8871,-12.5204,11.6863,Narcotics
2022-05-31,6876.0,6855.8031,-1.3411,1.6579,Narcotics
2022-06-30,6867.0,6841.6684,-0.5156,0.8904,Narcotics
2022-07-31,6421.0,6824.5831,2.3029,-8.0307,Narcotics
2022-08-31,7298.0,6800.3552,12.366,-4.4935,Narcotics
2022-09-30,6883.0,6767.7111,6.4375,-4.4479,Narcotics
2022-10-31,6640.0,6729.3028,-2.384,1.083,Narcotics
2022-11-30,6922.0,6688.8461,-5.4785,9.4832,Narcotics
2022-12-31,6267.0,6651.2039,-6.3818,0.6475,Narcotics
2023-01-31,6968.0,6616.5116,1.4642,3.7918,Narcotics
2023-02-28,6379.0,6581.3725,-4.3677,1.3523,Narcotics
2023-03-31,6976.0,6542.4911,6.3367,0.2712,Narcotics
2023-04-30,5957.0,6493.3619,-6.0081,-2.3947,Narcotics
2023-05-31,6827.0,6431.0012,4.4452,1.6387,Narcotics
2023-06-30,6095.0,6356.3646,-0.8384,-3.3005,Narcotics
2023-07-31,6863.0,6270.9291,0.9985,8.3581,Narcotics
2023-08-31,7090.0,6173.9281,11.8186,2.6979,Narcotics
2023-09-30,6721.0,6064.662,5.3816,5.1612,Narcotics
2023-10-31,5879.0,5946.2714,-1.3726,0.2449,Narcotics
2023-11-30,4704.0,5823.3914,-8.9492,-11.2793,Narcotics
2023-12-31,5944.0,5697.2034,-7.4694,12.7531,Narcotics
2024-01-31,5592.0,5567.1817,1.1499,-0.6962,Narcotics
2024-02-29,6076.0,5436.7493,-13.5001,29.1976,Narcotics
2024-03-31,6289.0,5313.5937,2.754,15.1813,Narcotics
2024-04-30,5264.0,5201.6085,-1.5367,2.7787,Narcotics
2024-05-31,5447.0,5098.5922,12.3718,-4.9298,Narcotics
2024-06-30,5017.0,5000.0198,4.6638,-4.1316,Narcotics
2024-07-31,4852.0,4904.405,3.8427,-4.7293,Narcotics
2024-08-31,966.0,4811.9099,14.4175,-82.4399,Narcotics
2024-09-30,1827.0,4723.6417,3.9318,-62.7729,Narcotics
2024-10-31,3272.0,4643.2239,-0.8307,-28.935,Narcotics
2024-11-30,3978.0,4574.6692,-13.0377,-0.0027,Narcotics
2024-12-31,4137.0,4519.6392,-8.9383,0.5206,Narcotics
2025-01-31,4386.0,4478.239,0.3112,-2.3631,Narcotics
2025-02-28,3632.0,4450.3855,-22.0313,4.6767,Narcotics
2025-03-31,4075.0,4436.0288,-0.3611,-7.8038,Narcotics
2025-04-30,4392.0,4434.8406,2.9023,-3.759,Narcotics
2025-05-31,4443.0,4446.2553,20.5696,-17.121,Narcotics
2025-06-30,4098.0,4468.5717,10.1077,-16.7097,Narcotics
2025-07-31,4658.0,4498.989,7.0445,-3.2798,Narcotics
2025-08-31,4860.0,4535.9491,16.9861,-8.4144,Narcotics
2025-09-30,4585.0,4580.2172,2.4754,-2.3137,Narcotics
2025-10-31,4585.0,4666.2363,-0.3321,-1.4132,Narcotics
2025-11-30,3943.0,4760.6919,-16.95,-0.2676,Narcotics
2025-12-31,4148.0,4860.8003,-10.6634,-4.475,Narcotics
2026-01-31,4922.0,4965.9793,-0.6256,-0.2614,Narcotics
2026-02-28,3359.0,5076.0698,-29.843,-5.6688,Narcotics
2026-03-31,5062.0,5191.0149,-3.5316,1.085,Narcotics
2026-04-30,5706.0,5310.8813,7.4817,-0.0403,Narcotics
2026-05-31,7092.0,5435.7459,29.6203,0.651,Narcotics
2026-06-30,6580.0,5565.6935,16.3345,1.6216,Narcotics
2026-07-31,6383.0,5700.8008,10.4531,1.3685,Narcotics
2026-08-31,7167.0,5841.1105,19.5889,2.5976,Narcotics
2019-01-31,361.0,362.4061,4.8167,-4.9645,Smuggling
2019-02-28,355.0,358.9754,2.1449,-3.181,Smuggling
2019-03-31,317.0,355.4494,-10.0764,-0.79,Smuggling
2019-04-30,321.0,351.8326,-11.4098,3.0152,Smuggling
2019-05-31,333.0,348.1295,-7.9866,3.9702,Smuggling
2019-06-30,322.0,344.3353,-4.4974,-2.0631,Smuggling
2019-07-31,335.0,340.4325,-5.6961,4.353,Smuggling
2019-08-31,298.0,336.3912,-9.3779,-2.208,Smuggling
2019-09-30,360.0,332.1564,1.5692,6.6834,Smuggling
2019-10-31,397.0,327.6368,25.0955,-3.1889,Smuggling
2019-11-30,360.0,322.6575,5.6116,5.6112,Smuggling
2019-12-31,355.0,316.9192,9.7009,2.0759,Smuggling
2020-01-31,360.0,308.6057,6.3351,9.6533,Smuggling
2020-02-29,324.0,300.2004,0.5513,7.31,Smuggling
2020-03-31,271.0,291.9019,-5.1589,-2.0848,Smuggling
2020-04-30,83.0,283.7135,-11.7897,-66.5534,Smuggling
2020-05-31,104.0,275.5238,-9.6188,-57.9875,Smuggling
2020-06-30,155.0,267.356,-3.2942,-39.8881,Smuggling
2020-07-31,239.0,259.1018,-5.3756,-2.4866,Smuggling
2020-08-31,246.0,250.7717,-3.0858,1.2285,Smuggling
2020-09-30,231.0,242.5206,4.6878,-8.9969,Smuggling
2020-10-31,308.0,234.6997,21.6135,7.7998,Smuggling
2020-11-30,224.0,227.69,1.4068,-2.9785,Smuggling
2020-12-31,222.0,221.6586,2.4561,-2.2475,Smuggling
2021-01-31,238.0,216.3843,7.8839,1.9092,Smuggling
2021-02-28,197.0,211.54,-1.3353,-5.5802,Smuggling
2021-03-31,218.0,207.0343,-0.4921,5.7917,Smuggling
2021-04-30,166.0,202.8851,-11.9248,-7.0012,Smuggling
2021-05-31,155.0,199.2396,-11.0184,-12.4463,Smuggling
2021-06-30,200.0,196.1601,-2.3637,4.4157,Smuggling
2021-07-31,176.0,193.5607,-4.7051,-4.5341,Smuggling
2021-08-31,209.0,191.4417,3.2615,5.6773,Smuggling
2021-09-30,198.0,189.8343,8.4395,-3.8368,Smuggling
2021-10-31,175.0,188.6466,18.9246,-21.9639,Smuggling
2021-11-30,159.0,187.7978,-2.171,-13.3726,Smuggling
2021-12-31,182.0,187.2127,-3.6329,0.8958,Smuggling
2022-01-31,181.0,186.7823,8.8513,-10.9604,Smuggling
2022-02-28,189.0,186.4995,-4.0975,5.6631,Smuggling
2022-03-31,194.0,186.3122,4.3783,-0.2625,Smuggling
2022-04-30,211.0,186.3347,-13.4123,30.6958,Smuggling
2022-05-31,161.0,186.7678,-14.1978,0.5531,Smuggling
2022-06-30,186.0,187.6225,-1.1442,0.2873,Smuggling
2022-07-31,182.0,188.7966,-3.4567,-0.1287,Smuggling
2022-08-31,201.0,190.0767,7.1736,-1.3594,Smuggling
2022-09-30,228.0,191.2903,18.3089,0.6608,Smuggling
2022-10-31,196.0,192.3458,15.1184,-11.4911,Smuggling
2022-11-30,188.0,193.2806,-5.6957,3.1575,Smuggling
2022-12-31,169.0,194.1333,-7.971,-5.3343,Smuggling
2023-01-31,224.0,194.886,11.6155,2.9093,Smuggling
2023-02-28,190.0,195.3946,-10.1679,8.261,Smuggling
2023-03-31,217.0,195.6436,5.2831,5.2975,Smuggling
2023-04-30,180.0,195.6198,-8.7595,0.8936,Smuggling
2023-05-31,186.0,195.2268,-8.6068,4.2724,Smuggling
2023-06-30,187.0,194.5058,-4.4517,0.6411,Smuggling
2023-07-31,192.0,193.6727,2.7887,-3.549,Smuggling
2023-08-31,274.0,192.8754,5.5269,34.4147,Smuggling
2023-09-30,307.0,192.1239,7.9458,47.7436,Smuggling
2023-10-31,224.0,191.4058,14.4566,2.17,Smuggling
2023-11-30,177.0,190.6467,-1.5185,-5.6886,Smuggling
2023-12-31,143.0,189.9642,-5.9582,-19.8157,Smuggling
2024-01-31,133.0,189.5515,9.2028,-35.6041,Smuggling
2024-02-29,148.0,189.4494,-20.555,-1.5218,Smuggling
2024-03-31,192.0,189.6568,4.1436,-2.7987,Smuggling
2024-04-30,182.0,190.1836,-3.9334,-0.3614,Smuggling
2024-05-31,181.0,190.9393,-4.8064,-0.3907,Smuggling
2024-06-30,178.0,191.7708,-5.9801,-1.2376,Smuggling
2024-07-31,217.0,192.5728,6.4318,5.8134,Smuggling
2024-08-31,90.0,193.206,10.8122,-57.7145,Smuggling
2024-09-30,151.0,193.5254,5.5246,-25.9519,Smuggling
2024-10-31,237.0,193.4605,13.0409,8.2705,Smuggling
2024-11-30,194.0,192.966,3.019,-2.4131,Smuggling
2024-12-31,181.0,192.1096,-5.0527,-0.7375,Smuggling
2025-01-31,142.0,191.0656,9.0705,-31.738,Smuggling
2025-02-28,143.0,190.0652,-31.239,9.6071,Smuggling
2025-03-31,198.0,189.1798,2.0681,2.5177,Smuggling
2025-04-30,154.0,188.3626,1.0386,-18.9878,Smuggling
2025-05-31,182.0,187.6316,-1.3622,-1.6458,Smuggling
2025-06-30,147.0,187.0735,-7.1768,-15.2231,Smuggling
2025-07-31,143.0,186.6678,10.4746,-30.5439,Smuggling
2025-08-31,193.0,186.4247,14.5231,-9.6181,Smuggling
2025-09-30,188.0,186.4666,2.8063,-1.934,Smuggling
2025-10-31,199.0,187.9731,11.9013,-5.4209,Smuggling
2025-11-30,212.0,189.8638,8.2614,3.0819,Smuggling
2025-12-31,188.0,192.0022,-3.6595,1.646,Smuggling
2026-01-31,209.0,194.3257,8.8323,-1.2125,Smuggling
2026-02-28,107.0,196.7972,-40.7593,-7.8312,Smuggling
2026-03-31,195.0,199.396,-0.0106,-2.1833,Smuggling
2026-04-30,217.0,202.1152,6.3332,0.9358,Smuggling
2026-05-31,209.0,204.9534,2.0763,-0.1092,Smuggling
2026-06-30,199.0,207.9104,-8.2749,4.3714,Smuggling
2026-07-31,236.0,210.9861,14.6473,-2.4838,Smuggling
2026-08-31,268.0,214.178,18.5403,5.4601,Smuggling
2019-01-31,351.0,316.5152,5.0182,5.5635,Murder (excl. backlog filings)
2019-02-28,262.0,313.673,-14.5052,-2.241,Murder (excl. backlog filings)
2019-03-31,290.0,310.909,-4.9998,-1.7935,Murder (excl. backlog filings)
2019-04-30,319.0,308.2245,-0.1917,3.6834,Murder (excl. backlog filings)
2019-05-31,320.0,305.6245,10.1378,-4.9479,Murder (excl. backlog filings)
2019-06-30,371.0,303.1119,13.5462,7.73,Murder (excl. backlog filings)
2019-07-31,332.0,300.6945,12.9941,-2.3166,Murder (excl. backlog filings)
2019-08-31,344.0,298.3754,14.8232,0.363,Murder (excl. backlog filings)
2019-09-30,268.0,296.1576,-7.1856,-2.4673,Murder (excl. backlog filings)
2019-10-31,288.0,294.043,-0.7181,-1.3397,Murder (excl. backlog filings)
2019-11-30,258.0,292.0467,-8.7269,-3.1678,Murder (excl. backlog filings)
2019-12-31,250.0,290.2636,-12.0517,-2.015,Murder (excl. backlog filings)
2020-01-31,273.0,289.6557,0.2064,-5.9246,Murder (excl. backlog filings)
2020-02-29,257.0,289.3649,-13.0793,2.2239,Murder (excl. backlog filings)
2020-03-31,279.0,289.3187,-3.0275,-0.5432,Murder (excl. backlog filings)
2020-04-30,273.0,289.344,2.5543,-7.9797,Murder (excl. backlog filings)
2020-05-31,361.0,289.4055,8.8841,14.4825,Murder (excl. backlog filings)
2020-06-30,303.0,289.5267,8.7525,-3.7838,Murder (excl. backlog filings)
2020-07-31,358.0,289.6953,13.9953,8.3352,Murder (excl. backlog filings)
2020-08-31,322.0,289.7924,10.6656,0.3707,Murder (excl. backlog filings)
2020-09-30,279.0,289.6126,-4.0615,0.427,Murder (excl. backlog filings)
2020-10-31,304.0,288.9448,0.4451,4.7263,Murder (excl. backlog filings)
2020-11-30,271.0,287.6731,-7.1196,1.4468,Murder (excl. backlog filings)
2020-12-31,259.0,285.8082,-12.0925,3.1231,Murder (excl. backlog filings)
2021-01-31,257.0,283.4113,-4.2318,-5.2779,Murder (excl. backlog filings)
2021-02-28,249.0,280.6501,-11.6918,0.5146,Murder (excl. backlog filings)
2021-03-31,295.0,277.8395,-1.2161,7.461,Murder (excl. backlog filings)
2021-04-30,302.0,275.2706,5.4292,4.0273,Murder (excl. backlog filings)
2021-05-31,295.0,272.9617,7.609,0.4045,Murder (excl. backlog filings)
2021-06-30,267.0,270.8158,4.9104,-6.0187,Murder (excl. backlog filings)
2021-07-31,279.0,268.69,15.2254,-9.8958,Murder (excl. backlog filings)
2021-08-31,278.0,266.5871,6.7428,-2.3212,Murder (excl. backlog filings)
2021-09-30,267.0,264.547,-1.4281,2.386,Murder (excl. backlog filings)
2021-10-31,243.0,262.6531,1.6808,-8.9839,Murder (excl. backlog filings)
2021-11-30,251.0,261.0085,-5.9564,2.2718,Murder (excl. backlog filings)
2021-12-31,231.0,259.7861,-12.0077,1.1018,Murder (excl. backlog filings)
2022-01-31,264.0,259.181,-7.9535,10.6529,Murder (excl. backlog filings)
2022-02-28,234.0,259.1741,-10.4901,0.9096,Murder (excl. backlog filings)
2022-03-31,247.0,259.4279,0.6013,-5.3413,Murder (excl. backlog filings)
2022-04-30,269.0,259.5228,9.267,-5.1518,Murder (excl. backlog filings)
2022-05-31,276.0,259.2236,5.7476,0.6613,Murder (excl. backlog filings)
2022-06-30,249.0,258.6408,2.2109,-5.7959,Murder (excl. backlog filings)
2022-07-31,306.0,257.9794,15.7645,2.3995,Murder (excl. backlog filings)
2022-08-31,266.0,257.3226,3.1367,0.2157,Murder (excl. backlog filings)
2022-09-30,283.0,256.7762,0.2703,9.8761,Murder (excl. backlog filings)
2022-10-31,277.0,256.4773,2.3938,5.4465,Murder (excl. backlog filings)
2022-11-30,255.0,256.394,-5.386,5.1201,Murder (excl. backlog filings)
2022-12-31,200.0,256.3621,-12.0182,-11.2316,Murder (excl. backlog filings)
2023-01-31,214.0,256.1201,-8.6494,-8.4642,Murder (excl. backlog filings)
2023-02-28,222.0,255.5198,-9.3016,-4.1518,Murder (excl. backlog filings)
2023-03-31,268.0,254.6423,-0.1652,5.3992,Murder (excl. backlog filings)
2023-04-30,296.0,253.64,12.4797,3.6945,Murder (excl. backlog filings)
2023-05-31,246.0,252.678,4.0769,-6.4466,Murder (excl. backlog filings)
2023-06-30,272.0,251.921,3.8346,3.9527,Murder (excl. backlog filings)
2023-07-31,296.0,251.4998,14.5672,2.668,Murder (excl. backlog filings)
2023-08-31,253.0,251.4026,0.6281,0.0048,Murder (excl. backlog filings)
2023-09-30,238.0,251.4637,-4.2463,-1.1348,Murder (excl. backlog filings)
2023-10-31,258.0,251.4817,5.5313,-2.795,Murder (excl. backlog filings)
2023-11-30,227.0,251.3561,-5.2653,-4.6299,Murder (excl. backlog filings)
2023-12-31,233.0,251.1501,-10.0739,3.1979,Murder (excl. backlog filings)
2024-01-31,231.0,250.7816,-5.9028,-2.0764,Murder (excl. backlog filings)
2024-02-29,240.0,249.8932,-9.3628,5.9794,Murder (excl. backlog filings)
2024-03-31,239.0,248.2826,1.4071,-5.0596,Murder (excl. backlog filings)
2024-04-30,296.0,246.2462,10.3933,8.8139,Murder (excl. backlog filings)
2024-05-31,259.0,244.2353,4.3252,1.6251,Murder (excl. backlog filings)
2024-06-30,268.0,242.5732,4.9114,5.2689,Murder (excl. backlog filings)
2024-07-31,334.0,241.4488,9.4649,26.2264,Murder (excl. backlog filings)
2024-08-31,468.0,240.738,-1.8569,97.6825,Murder (excl. backlog filings)
2024-09-30,283.0,240.1407,-8.4267,28.6112,Murder (excl. backlog filings)
2024-10-31,249.0,239.5529,9.6005,-5.1763,Murder (excl. backlog filings)
2024-11-30,211.0,238.9347,-4.6233,-7.3596,Murder (excl. backlog filings)
2024-12-31,204.0,238.2408,-7.2326,-7.6317,Murder (excl. backlog filings)
2025-01-31,294.0,237.6975,-2.9838,27.3884,Murder (excl. backlog filings)
2025-02-28,217.0,237.8846,-9.4617,0.7943,Murder (excl. backlog filings)
2025-03-31,239.0,239.6649,3.4675,-3.6183,Murder (excl. backlog filings)
2025-04-30,267.0,243.1542,7.7845,1.839,Murder (excl. backlog filings)
2025-05-31,261.0,247.5901,4.6932,0.6698,Murder (excl. backlog filings)
2025-06-30,249.0,252.2147,6.2476,-7.0751,Murder (excl. backlog filings)
2025-07-31,272.0,256.774,4.6905,1.1617,Murder (excl. backlog filings)
2025-08-31,250.0,261.2205,-4.327,0.0501,Murder (excl. backlog filings)
2025-09-30,229.0,265.538,-12.7797,-1.0648,Murder (excl. backlog filings)
2025-10-31,319.0,269.2839,13.8759,3.9676,Murder (excl. backlog filings)
2025-11-30,279.0,273.0535,-3.9837,6.4088,Murder (excl. backlog filings)
2025-12-31,277.0,276.9114,-4.0716,4.2777,Murder (excl. backlog filings)
2026-01-31,287.0,280.8275,0.4931,1.6887,Murder (excl. backlog filings)
2026-02-28,250.0,284.7724,-9.7008,-2.732,Murder (excl. backlog filings)
2026-03-31,317.0,288.7265,5.7275,3.8128,Murder (excl. backlog filings)
2026-04-30,288.0,292.6799,4.5586,-5.884,Murder (excl. backlog filings)
2026-05-31,310.0,296.6248,5.2563,-0.7243,Murder (excl. backlog filings)
2026-06-30,326.0,300.5617,7.1129,1.2348,Murder (excl. backlog filings)
2026-07-31,298.0,304.4939,-0.1675,-1.9615,Murder (excl. backlog filings)
2026-08-31,286.0,308.4246,-6.775,-0.5065,Murder (excl. backlog filings)
2019-01-31,9634.0,9933.586,-0.2571,-2.7656,Recovery Total
2019-02-28,10549.0,9848.6028,6.5264,0.5487,Recovery Total
2019-03-31,9682.0,9762.9906,-1.7217,0.9078,Recovery Total
2019-04-30,10566.0,9676.6897,-30.8067,57.8033,Recovery Total
2019-05-31,10128.0,9589.5455,4.4072,1.1562,Recovery Total
2019-06-30,8484.0,9501.3189,-8.4382,-2.4768,Recovery Total
2019-07-31,10743.0,9411.6412,13.3406,0.7091,Recovery Total
2019-08-31,9706.0,9320.0802,5.6404,-1.42,Recovery Total
2019-09-30,10818.0,9225.9671,15.953,1.1221,Recovery Total
2019-10-31,9543.0,9128.1914,-0.125,4.6746,Recovery Total
2019-11-30,9258.0,9024.252,2.5137,0.0743,Recovery Total
2019-12-31,8963.0,8909.5306,-2.7438,3.4382,Recovery Total
2020-01-31,9699.0,8759.056,0.3121,10.3854,Recovery Total
2020-02-29,9041.0,8591.44,4.0185,1.1667,Recovery Total
2020-03-31,8058.0,8422.7288,1.109,-5.3791,Recovery Total
2020-04-30,1808.0,8261.0286,-25.1173,-70.7605,Recovery Total
2020-05-31,2683.0,8104.7567,3.3189,-67.9514,Recovery Total
2020-06-30,4445.0,7955.8243,-6.0889,-40.5006,Recovery Total
2020-07-31,8568.0,7811.4193,9.3592,0.2973,Recovery Total
2020-08-31,5922.0,7669.0174,7.6028,-28.2335,Recovery Total
2020-09-30,6729.0,7532.2195,12.163,-20.3502,Recovery Total
2020-10-31,6961.0,7405.9191,-1.3147,-4.7546,Recovery Total
2020-11-30,7164.0,7304.5323,0.2278,-2.1466,Recovery Total
2020-12-31,6864.0,7242.1718,-4.195,-1.071,Recovery Total
2021-01-31,7028.0,7219.6337,0.9885,-3.6068,Recovery Total
2021-02-28,6794.0,7217.374,1.6363,-7.3807,Recovery Total
2021-03-31,8028.0,7219.2525,3.6992,7.2343,Recovery Total
2021-04-30,5738.0,7223.3763,-19.31,-1.5499,Recovery Total
2021-05-31,6366.0,7232.9243,2.3555,-14.0097,Recovery Total
2021-06-30,7332.0,7248.7621,-3.907,5.2607,Recovery Total
2021-07-31,5765.0,7268.5698,5.9575,-25.1427,Recovery Total
2021-08-31,8443.0,7290.2469,9.6225,5.6445,Recovery Total
2021-09-30,7864.0,7310.9718,8.8926,-1.2207,Recovery Total
2021-10-31,7006.0,7325.2692,-2.2112,-2.1952,Recovery Total
2021-11-30,7295.0,7327.1137,-2.3245,1.9312,Recovery Total
2021-12-31,6418.0,7313.2895,-5.1757,-7.4502,Recovery Total
2022-01-31,7406.0,7287.2555,1.2096,0.4147,Recovery Total
2022-02-28,7676.0,7257.0799,-0.6213,6.4331,Recovery Total
2022-03-31,7793.0,7228.2097,6.931,0.8244,Recovery Total
2022-04-30,7115.0,7205.5841,-13.3109,13.9048,Recovery Total
2022-05-31,7200.0,7189.5829,-0.852,1.0054,Recovery Total
2022-06-30,7194.0,7176.1022,-1.0559,1.3192,Recovery Total
2022-07-31,6736.0,7160.3233,2.4534,-8.1779,Recovery Total
2022-08-31,7643.0,7138.1727,12.0858,-4.4739,Recovery Total
2022-09-30,7242.0,7108.43,6.5558,-4.3893,Recovery Total
2022-10-31,6970.0,7073.8952,-1.8614,0.4004,Recovery Total
2022-11-30,7324.0,7038.3287,-4.7002,9.1904,Recovery Total
2022-12-31,6664.0,7006.8393,-5.6912,0.8472,Recovery Total
2023-01-31,7333.0,6979.2027,0.9016,4.1297,Recovery Total
2023-02-28,6727.0,6950.7993,-4.2308,1.0562,Recovery Total
2023-03-31,7350.0,6917.652,6.6232,-0.351,Recovery Total
2023-04-30,6279.0,6873.4396,-6.983,-1.789,Recovery Total
2023-05-31,7204.0,6815.3209,3.3767,2.2496,Recovery Total
2023-06-30,6397.0,6743.928,-1.9581,-3.249,Recovery Total
2023-07-31,7225.0,6660.5902,1.2125,7.1731,Recovery Total
2023-08-31,7545.0,6565.5518,11.8519,2.7392,Recovery Total
2023-09-30,7206.0,6459.3097,5.7824,5.46,Recovery Total
2023-10-31,6388.0,6344.8037,-0.5008,1.1874,Recovery Total
2023-11-30,5226.0,6225.5453,-7.4198,-9.3251,Recovery Total
2023-12-31,6263.0,6102.0597,-6.445,9.7077,Recovery Total
2024-01-31,5889.0,5973.3675,1.1807,-2.5626,Recovery Total
2024-02-29,6363.0,5841.8574,-12.8283,24.948,Recovery Total
2024-03-31,6633.0,5714.121,3.0659,12.6251,Recovery Total
2024-04-30,5580.0,5594.4791,-2.1783,1.9623,Recovery Total
2024-05-31,5758.0,5482.9261,8.993,-3.6489,Recovery Total
2024-06-30,5300.0,5376.6753,1.4003,-2.7871,Recovery Total
2024-07-31,5277.0,5274.2418,3.9382,-3.7387,Recovery Total
2024-08-31,1181.0,5174.3612,13.8334,-79.9365,Recovery Total
2024-09-30,2256.0,5077.0271,4.8111,-57.5938,Recovery Total
2024-10-31,3715.0,4985.5537,0.6021,-25.9256,Recovery Total
2024-11-30,4387.0,4904.2638,-10.7243,0.2008,Recovery Total
2024-12-31,4461.0,4834.746,-7.6243,-0.1132,Recovery Total
2025-01-31,4692.0,4777.9925,1.1169,-2.8841,Recovery Total
2025-02-28,3913.0,4735.2608,-20.9497,4.5398,Recovery Total
2025-03-31,4433.0,4708.5732,-0.1007,-5.7564,Recovery Total
2025-04-30,4721.0,4700.6719,2.3899,-1.9118,Recovery Total
2025-05-31,4856.0,4711.7022,15.4241,-10.7103,Recovery Total
2025-06-30,4477.0,4737.7563,5.419,-10.3602,Recovery Total
2025-07-31,4990.0,4774.5263,6.5603,-1.9222,Recovery Total
2025-08-31,5233.0,4821.4762,15.8703,-6.3319,Recovery Total
2025-09-30,4939.0,4880.8199,3.755,-2.4704,Recovery Total
2025-10-31,4976.0,4986.781,1.6145,-1.8015,Recovery Total
2025-11-30,4373.0,5100.5403,-13.9279,-0.3873,Recovery Total
2025-12-31,4529.0,5219.0137,-9.155,-4.4732,Recovery Total
2026-01-31,5435.0,5342.1991,1.0208,0.7088,Recovery Total
2026-02-28,3688.0,5470.353,-28.444,-5.7747,Recovery Total
2026-03-31,5409.0,5603.6607,-3.3484,-0.1292,Recovery Total
2026-04-30,6074.0,5742.3587,7.0904,-1.229,Recovery Total
2026-05-31,7434.0,5886.6779,22.4032,3.1678,Recovery Total
2026-06-30,6932.0,6036.8382,10.0291,4.3596,Recovery Total
2026-07-31,6761.0,6192.9554,9.2667,-0.0876,Recovery Total
2026-08-31,7618.0,6355.0272,17.9372,1.6392,Recovery Total
2019-01-31,7850.0,8582.0086,-8.6144,0.0939,Reported Crime (excl. Recovery)
2019-02-28,7113.0,8645.3768,-15.1545,-3.027,Reported Crime (excl. Recovery)
2019-03-31,7875.0,8708.2036,-8.0855,-1.6117,Reported Crime (excl. Recovery)
2019-04-30,9569.0,8770.5701,8.8058,0.2726,Reported Crime (excl. Recovery)
2019-05-31,10827.0,8832.6982,21.1532,1.1744,Reported Crime (excl. Recovery)
2019-06-30,10096.0,8894.8572,12.399,0.9815,Reported Crime (excl. Recovery)
2019-07-31,9243.0,8957.2999,-1.933,5.2232,Reported Crime (excl. Recovery)
2019-08-31,9440.0,9020.1863,3.436,1.1772,Reported Crime (excl. Recovery)
2019-09-30,9745.0,9083.326,4.9454,2.2281,Reported Crime (excl. Recovery)
2019-10-31,9167.0,9145.8688,2.5031,-2.2166,Reported Crime (excl. Recovery)
2019-11-30,8688.0,9205.454,-3.9753,-1.7134,Reported Crime (excl. Recovery)
2019-12-31,7997.0,9257.0206,-11.7575,-2.0993,Reported Crime (excl. Recovery)
2020-01-31,8307.0,9306.4741,-9.2116,-1.6817,Reported Crime (excl. Recovery)
2020-02-29,8431.0,9364.8276,-13.7321,4.3603,Reported Crime (excl. Recovery)
2020-03-31,9092.0,9432.586,-4.079,0.4885,Reported Crime (excl. Recovery)
2020-04-30,7290.0,9505.8386,9.8753,-30.2008,Reported Crime (excl. Recovery)
2020-05-31,8830.0,9580.13,17.6675,-21.6685,Reported Crime (excl. Recovery)
2020-06-30,8747.0,9652.2203,10.2731,-17.8199,Reported Crime (excl. Recovery)
2020-07-31,9255.0,9717.3936,-0.39,-4.385,Reported Crime (excl. Recovery)
2020-08-31,10243.0,9772.7903,4.4162,0.3781,Reported Crime (excl. Recovery)
2020-09-30,9921.0,9816.9873,3.3883,-2.2526,Reported Crime (excl. Recovery)
2020-10-31,10852.0,9848.6289,2.2672,7.7441,Reported Crime (excl. Recovery)
2020-11-30,10055.0,9862.9033,-5.101,7.4273,Reported Crime (excl. Recovery)
2020-12-31,8961.0,9853.0182,-12.479,3.9153,Reported Crime (excl. Recovery)
2021-01-31,9073.0,9817.9684,-10.0253,2.71,Reported Crime (excl. Recovery)
2021-02-28,8751.0,9764.3909,-12.2808,2.1699,Reported Crime (excl. Recovery)
2021-03-31,10024.0,9705.1255,-0.14,3.4301,Reported Crime (excl. Recovery)
2021-04-30,10564.0,9646.469,10.883,-1.2377,Reported Crime (excl. Recovery)
2021-05-31,10806.0,9587.6524,14.4217,-1.4994,Reported Crime (excl. Recovery)
2021-06-30,10214.0,9529.0233,8.3119,-1.0381,Reported Crime (excl. Recovery)
2021-07-31,9160.0,9477.0979,1.2211,-4.5116,Reported Crime (excl. Recovery)
2021-08-31,9453.0,9436.9485,5.4744,-5.029,Reported Crime (excl. Recovery)
2021-09-30,9452.0,9410.9204,1.8645,-1.4019,Reported Crime (excl. Recovery)
2021-10-31,9264.0,9399.817,2.0699,-3.4434,Reported Crime (excl. Recovery)
2021-11-30,8375.0,9404.8276,-6.0755,-5.1886,Reported Crime (excl. Recovery)
2021-12-31,8297.0,9426.5347,-13.0328,1.2091,Reported Crime (excl. Recovery)
2022-01-31,8621.0,9463.8874,-10.7995,2.1234,Reported Crime (excl. Recovery)
2022-02-28,8226.0,9512.9998,-11.0267,-2.8107,Reported Crime (excl. Recovery)
2022-03-31,10051.0,9566.13,3.8523,1.1707,Reported Crime (excl. Recovery)
2022-04-30,11172.0,9616.0793,11.9253,3.8002,Reported Crime (excl. Recovery)
2022-05-31,10588.0,9656.8072,11.2565,-1.4513,Reported Crime (excl. Recovery)
2022-06-30,10168.0,9683.5984,6.4202,-1.3328,Reported Crime (excl. Recovery)
2022-07-31,10401.0,9695.7529,3.2446,3.9019,Reported Crime (excl. Recovery)
2022-08-31,10842.0,9696.7119,6.6767,4.8119,Reported Crime (excl. Recovery)
2022-09-30,10028.0,9690.6711,0.6957,2.7657,Reported Crime (excl. Recovery)
2022-10-31,10038.0,9682.434,1.3764,2.2643,Reported Crime (excl. Recovery)
2022-11-30,9229.0,9673.4817,-7.3855,3.0137,Reported Crime (excl. Recovery)
2022-12-31,7903.0,9660.9202,-13.5901,-5.3284,Reported Crime (excl. Recovery)
2023-01-31,8274.0,9641.6439,-12.6851,-1.7158,Reported Crime (excl. Recovery)
2023-02-28,8578.0,9615.0754,-10.2249,-0.6237,Reported Crime (excl. Recovery)
2023-03-31,9912.0,9582.6903,6.8995,-3.2398,Reported Crime (excl. Recovery)
2023-04-30,10365.0,9547.939,13.1882,-4.092,Reported Crime (excl. Recovery)
2023-05-31,10739.0,9519.0167,9.8054,2.7407,Reported Crime (excl. Recovery)
2023-06-30,10189.0,9503.7746,5.9944,1.1461,Reported Crime (excl. Recovery)
2023-07-31,10513.0,9504.6501,4.1482,6.2025,Reported Crime (excl. Recovery)
2023-08-31,10154.0,9518.1755,6.5316,0.1387,Reported Crime (excl. Recovery)
2023-09-30,9293.0,9537.8807,0.8563,-3.3944,Reported Crime (excl. Recovery)
2023-10-31,9601.0,9556.4602,2.0152,-1.5186,Reported Crime (excl. Recovery)
2023-11-30,8455.0,9570.0472,-6.381,-5.6284,Reported Crime (excl. Recovery)
2023-12-31,8220.0,9579.2661,-13.4695,-0.8306,Reported Crime (excl. Recovery)
2024-01-31,8154.0,9585.0386,-13.9043,-1.1894,Reported Crime (excl. Recovery)
2024-02-29,9127.0,9591.9076,-11.6786,7.7356,Reported Crime (excl. Recovery)
2024-03-31,10647.0,9607.9719,8.1411,2.4708,Reported Crime (excl. Recovery)
2024-04-30,11239.0,9637.6586,12.5093,3.6481,Reported Crime (excl. Recovery)
2024-05-31,10253.0,9682.3125,8.3709,-2.286,Reported Crime (excl. Recovery)
2024-06-30,10304.0,9740.287,7.2372,-1.3524,Reported Crime (excl. Recovery)
2024-07-31,9689.0,9805.8657,4.2009,-5.1752,Reported Crime (excl. Recovery)
2024-08-31,7652.0,9871.4638,6.2299,-27.0275,Reported Crime (excl. Recovery)
2024-09-30,9989.0,9928.8839,1.1324,-0.5211,Reported Crime (excl. Recovery)
2024-10-31,9550.0,9973.7592,3.5055,-7.4912,Reported Crime (excl. Recovery)
2024-11-30,9440.0,10008.6737,-4.9499,-0.7694,Reported Crime (excl. Recovery)
2024-12-31,9161.0,10041.8326,-13.4056,5.3523,Reported Crime (excl. Recovery)
2025-01-31,9880.0,10081.8934,-15.1214,15.4563,Reported Crime (excl. Recovery)
2025-02-28,9089.0,10129.6063,-13.4011,3.6134,Reported Crime (excl. Recovery)
2025-03-31,11807.0,10179.0383,8.9535,6.4599,Reported Crime (excl. Recovery)
2025-04-30,11647.0,10221.6415,11.6236,2.078,Reported Crime (excl. Recovery)
2025-05-31,11189.0,10250.8918,6.6814,2.3145,Reported Crime (excl. Recovery)
2025-06-30,10690.0,10263.4833,8.9838,-4.4305,Reported Crime (excl. Recovery)
2025-07-31,10399.0,10259.1732,4.2277,-2.7487,Reported Crime (excl. Recovery)
2025-08-31,10423.0,10238.6579,6.0274,-3.9868,Reported Crime (excl. Recovery)
2025-09-30,10492.0,10211.3751,1.4591,1.2703,Reported Crime (excl. Recovery)
2025-10-31,11194.0,10208.7481,5.0612,4.3678,Reported Crime (excl. Recovery)
2025-11-30,10092.0,10221.2675,-3.2886,2.0929,Reported Crime (excl. Recovery)
2025-12-31,8703.0,10238.0233,-13.1327,-2.1403,Reported Crime (excl. Recovery)
2026-01-31,8623.0,10256.1094,-16.2304,0.3685,Reported Crime (excl. Recovery)
2026-02-28,8087.0,10274.6887,-15.3573,-7.0091,Reported Crime (excl. Recovery)
2026-03-31,10748.0,10293.51,9.7183,-4.8337,Reported Crime (excl. Recovery)
2026-04-30,11106.0,10312.7628,10.6071,-2.6364,Reported Crime (excl. Recovery)
2026-05-31,10715.0,10332.9055,4.9642,-1.2068,Reported Crime (excl. Recovery)
2026-06-30,11888.0,10354.5009,10.8078,3.6105,Reported Crime (excl. Recovery)
2026-07-31,11150.0,10378.066,4.2086,3.0984,Reported Crime (excl. Recovery)
2026-08-31,11278.0,10403.8568,5.7182,2.538,Reported Crime (excl. Recovery)
2019-01-31,17484.0,19021.597,-5.7314,-2.4945,Total Cases
2019-02-28,17662.0,18986.1772,-6.1688,-0.8582,Total Cases
2019-03-31,17557.0,18948.5687,-7.1064,-0.2553,Total Cases
2019-04-30,20135.0,18908.9994,5.0714,1.3438,Total Cases
2019-05-31,20955.0,18867.7051,9.0968,1.8015,Total Cases
2019-06-30,18580.0,18824.7183,-0.2658,-1.0369,Total Cases
2019-07-31,19986.0,18779.7454,3.9443,2.3845,Total Cases
2019-08-31,19146.0,18732.149,2.1825,0.0261,Total Cases
2019-09-30,20563.0,18680.4331,8.2484,1.6894,Total Cases
2019-10-31,18710.0,18621.59,0.7176,-0.2411,Total Cases
2019-11-30,17946.0,18549.5875,-1.8185,-1.4618,Total Cases
2019-12-31,16960.0,18456.0145,-8.4832,0.4128,Total Cases
2020-01-31,18006.0,18330.1057,-5.5508,4.0051,Total Cases
2020-02-29,17472.0,18218.2082,-6.4322,2.4971,Total Cases
2020-03-31,17150.0,18126.7207,-3.2137,-2.2465,Total Cases
2020-04-30,9098.0,18040.9479,4.4593,-51.7205,Total Cases
2020-05-31,11513.0,17949.9724,7.6944,-40.4413,Total Cases
2020-06-30,13192.0,17855.4834,0.8087,-26.7091,Total Cases
2020-07-31,17823.0,17752.1285,3.4397,-2.9393,Total Cases
2020-08-31,16165.0,17637.9524,4.3177,-12.1439,Total Cases
2020-09-30,16650.0,17516.716,6.2013,-10.498,Total Cases
2020-10-31,17813.0,17395.8881,0.415,1.9745,Total Cases
2020-11-30,17219.0,17290.9474,-3.1114,2.7819,Total Cases
2020-12-31,15825.0,17210.2464,-9.4407,1.5374,Total Cases
2021-01-31,16101.0,17141.8326,-5.4517,-0.6556,Total Cases
2021-02-28,15545.0,17071.9301,-6.6663,-2.4399,Total Cases
2021-03-31,18052.0,16999.5374,0.573,5.5857,Total Cases
2021-04-30,16302.0,16929.0948,3.9182,-7.3348,Total Cases
2021-05-31,17172.0,16864.7239,6.4855,-4.3795,Total Cases
2021-06-30,17546.0,16810.4441,1.8202,2.5095,Total Cases
2021-07-31,14925.0,16770.3699,3.0311,-13.6213,Total Cases
2021-08-31,17896.0,16744.9498,6.492,0.3583,Total Cases
2021-09-30,17316.0,16735.2887,4.3002,-0.7962,Total Cases
2021-10-31,16270.0,16739.2616,0.2779,-3.0726,Total Cases
2021-11-30,15670.0,16752.7734,-4.4439,-2.1128,Total Cases
2021-12-31,14715.0,16771.5897,-10.0853,-2.4204,Total Cases
2022-01-31,16027.0,16793.9203,-5.6916,1.1931,Total Cases
2022-02-28,15902.0,16819.5895,-7.0222,1.6854,Total Cases
2022-03-31,17844.0,16843.8789,4.7729,1.1113,Total Cases
2022-04-30,18287.0,16866.8662,2.5363,5.7374,Total Cases
2022-05-31,17788.0,16887.5222,5.031,0.2865,Total Cases
2022-06-30,17362.0,16898.6805,3.1091,-0.3564,Total Cases
2022-07-31,17137.0,16893.8692,2.7753,-1.3001,Total Cases
2022-08-31,18485.0,16871.1868,8.7886,0.7137,Total Cases
2022-09-30,17270.0,16832.6079,2.8772,-0.2711,Total Cases
2022-10-31,17008.0,16785.1721,0.1171,1.2089,Total Cases
2022-11-30,16553.0,16735.3478,-6.1487,5.3906,Total Cases
2022-12-31,14567.0,16686.1454,-10.6857,-2.2545,Total Cases
2023-01-31,15607.0,16634.3316,-6.5191,0.3675,Total Cases
2023-02-28,15305.0,16575.7593,-8.4728,0.8816,Total Cases
2023-03-31,17262.0,16509.2364,7.0366,-2.3144,Total Cases
2023-04-30,16644.0,16430.9408,5.4417,-3.9311,Total Cases
2023-05-31,17943.0,16342.9155,6.1415,3.4375,Total Cases
2023-06-30,16586.0,16253.4481,2.3302,-0.2778,Total Cases
2023-07-31,17738.0,16169.8916,2.8102,6.6986,Total Cases
2023-08-31,17699.0,16091.6332,8.5416,1.3328,Total Cases
2023-09-30,16499.0,16012.9934,2.7558,0.2716,Total Cases
2023-10-31,15989.0,15927.4249,2.0054,-1.587,Total Cases
2023-11-30,13681.0,15831.4745,-6.6431,-7.4334,Total Cases
2023-12-31,14483.0,15724.8054,-11.0259,3.5171,Total Cases
2024-01-31,14043.0,15608.6448,-6.889,-3.3734,Total Cases
2024-02-29,15490.0,15492.5869,-13.2916,15.3098,Total Cases
2024-03-31,17280.0,15398.4475,6.5956,5.2749,Total Cases
2024-04-30,16819.0,15340.5397,6.7383,2.7157,Total Cases
2024-05-31,16011.0,15313.1732,7.4245,-2.6696,Total Cases
2024-06-30,15604.0,15301.762,4.4039,-2.3264,Total Cases
2024-07-31,14966.0,15292.8479,3.5876,-5.5265,Total Cases
2024-08-31,8833.0,15277.0877,9.1876,-47.044,Total Cases
2024-09-30,12245.0,15250.4696,2.6573,-21.7845,Total Cases
2024-10-31,13265.0,15215.037,3.915,-16.1003,Total Cases
2024-11-30,13827.0,15177.2793,-7.1833,-1.8454,Total Cases
2024-12-31,13622.0,15141.914,-11.475,1.6243,Total Cases
2025-01-31,14572.0,15120.2331,-7.6264,4.3311,Total Cases
2025-02-28,13002.0,15117.7731,-17.6933,4.4941,Total Cases
2025-03-31,16240.0,15121.4771,5.8961,1.4168,Total Cases
2025-04-30,16368.0,15118.4039,7.7452,0.4823,Total Cases
2025-05-31,16045.0,15109.9738,8.7418,-2.3487,Total Cases
2025-06-30,15167.0,15101.8618,7.0438,-6.1774,Total Cases
2025-07-31,15389.0,15099.678,4.6154,-2.5803,Total Cases
2025-08-31,15656.0,15108.7283,9.8376,-5.659,Total Cases
2025-09-30,15431.0,15135.7532,2.4987,-0.5348,Total Cases
2025-10-31,16170.0,15245.9249,5.8846,0.1664,Total Cases
2025-11-30,14465.0,15375.724,-7.6765,1.8996,Total Cases
2025-12-31,13232.0,15510.9659,-12.0118,-3.0457,Total Cases
2026-01-31,14058.0,15649.8832,-8.2757,-2.0665,Total Cases
2026-02-28,11775.0,15792.5616,-21.9667,-4.4484,Total Cases
2026-03-31,16157.0,15939.3514,5.0247,-3.4843,Total Cases
2026-04-30,17180.0,16090.8177,8.6856,-1.7639,Total Cases
2026-05-31,18149.0,16247.6729,10.0635,1.4882,Total Cases
2026-06-30,18820.0,16410.6226,9.9411,4.3113,Total Cases
2026-07-31,17911.0,16580.1116,5.7579,2.1452,Total Cases
2026-08-31,18896.0,16756.1843,10.3761,2.1685,Total Cases
