unit,Kidnapping,Dacoity,Robbery,Arms Act,Burglary,Murder,Woman & Child Repression,Theft,Other Cases,Narcotics
DMP,260.3,54.3,83.7,243.2,-12.7,77.4,2.2,-20.4,-13.3,-51.1
CMP,30.8,47.6,-14.4,58.0,-4.8,-2.1,-3.7,-16.8,4.0,-26.3
GMP,75.6,20.0,35.4,241.5,9.5,-17.8,3.7,39.3,17.4,0.5
KMP,120.0,23.5,144.4,100.0,-11.5,52.8,-29.9,46.1,10.9,-38.9
RMP,50.0,13.3,4.9,-25.6,18.6,45.2,-8.3,0.4,13.5,-44.9
SMP,100.0,27.8,77.8,30.0,-16.9,26.5,-52.6,4.1,-16.2,-9.0
BMP,294.1,5.3,29.2,76.5,-1.7,9.5,29.3,-0.5,8.5,-39.0
RPMP,-2.5,58.3,157.1,59.1,300.0,-9.7,-16.3,-30.3,-23.7,-27.6
Dhaka Range,94.0,47.9,38.2,71.8,26.5,18.1,13.3,11.1,16.8,-2.9
Chittagong Range,81.9,101.4,23.7,7.2,61.0,7.7,26.9,14.0,17.3,-10.6
Mymensingh Range,2.3,89.5,62.9,42.0,4.1,0.9,-26.9,-7.0,-16.1,-6.4
Sylhet Range,22.5,90.5,72.1,81.6,12.9,5.1,26.5,-5.9,13.8,17.9
Khulna Range,114.5,36.2,95.1,92.7,31.4,29.2,8.6,-2.2,-3.2,-32.8
Barishal Range,117.1,130.6,66.7,76.7,82.6,27.5,43.7,26.6,21.9,-8.0
Rajshahi Range,45.9,164.0,16.4,-44.3,-19.6,9.4,10.1,-4.4,3.6,-52.5
Rangpur Range,92.6,45.7,60.9,143.7,-14.0,-9.1,9.7,2.6,0.5,-1.0
Railway Range,7.1,15.4,84.5,-57.1,8.3,-11.4,31.0,-13.1,-23.4,60.9
